id,domain,status,purchase_price,renewal_price,attractiveness,demand,length,registrar,created_at,expires_at,status_verified_at
0dec5f5e-2756-430a-9c05-4c9b0d623b2e,burnt.cheap,available,8.99,36.49,high,low,5,namesilo,,,23/09/2026 11:41
3f59532b-b297-483b-997c-7859bb023058,buffer.cheap,available,8.99,36.49,high,low,6,namesilo,,,29/09/2026 05:06
387ab6c3-9388-4e27-be0c-c68f4f5704c0,consultative.cheap,available,8.5,,high,low,12,unstoppable,,,30/09/2026 20:07
2ec0402b-7e56-48f1-80d3-cd324ff37ec3,reckless.cheap,available,5.98,49.98,medium,low,8,namecheap,,,18/08/2026 10:33
42474251-f602-46db-928c-e5d52533b0dd,castro.cheap,available,8.99,36.49,medium,low,6,namesilo,,,28/09/2026 09:15
ac5e47ea-46a5-47e0-ac55-3134df143188,accidental.cheap,available,5.98,49.98,high,low,10,namecheap,,,
e4860b1d-9254-4776-b411-c8317106f286,homing.cheap,available,5.98,49.98,medium,low,6,namecheap,,,21/08/2026 12:35
48966639-a609-4432-90be-b44c68f7d270,abreaction.cheap,available,8.99,36.49,medium,low,10,namesilo,,,16/09/2026 17:06
95851d97-7992-4513-ae46-13ede6b7ce82,deity.cheap,available,5.98,49.98,high,low,5,namecheap,,,24/09/2026 21:23
f200dbf9-8e24-4e10-9861-e6a93acfee26,keating.cheap,available,8.99,36.49,high,low,7,namesilo,,,27/09/2026 08:01
1fb341ef-164e-430f-90b0-3e862f359159,relation.cheap,available,5.38,29.18,high,low,8,spaceship,,,27/09/2026 11:47
f7413708-4c45-46a4-a3c8-db9a1bd97b83,jubilant.cheap,available,5.98,49.98,high,low,8,namecheap,,,17/08/2026 19:46
45539f4d-d9f6-4ab4-ac95-5f978be02b24,archly.cheap,available,5.98,49.98,medium,low,6,namecheap,,,13/09/2026 20:39
fbd19155-5c03-474e-99b8-22975c1b73a6,tyrannical.cheap,available,5.98,49.98,medium,low,10,namecheap,,,07/08/2026 19:12
79a76bb5-1b32-4caa-9e38-45d58b6d82cc,rectangle.cheap,available,5.38,29.18,high,low,9,spaceship,,,30/09/2026 09:22
0d6dda4d-2ae6-4e7b-b1f0-2fbf7e32dbb8,embraced.cheap,available,5.38,29.18,medium,low,8,spaceship,,,29/09/2026 23:57
443ef0f2-49d0-4f0c-970e-e57b95b37c90,dome.cheap,available,28.2,28.2,medium,low,4,cloudflare,,,29/09/2026 00:15
122e2685-e68b-4aa1-8c69-d066806e1239,life.cheap,resell,,,high,medium,4,"Sav.com, LLC",29/03/2022 13:15,29/03/2027 13:15,26/09/2026 07:13
0150e522-12fc-4baa-a58f-e0659b9d2346,dlc.cheap,available,5.98,49.98,high,low,3,namecheap,,,28/09/2026 12:11
2f153e76-ac3b-4ed5-8862-6a34476d17ce,policemen.cheap,available,5.38,29.18,medium,low,9,spaceship,,,28/09/2026 18:03
7790a828-02f3-4222-a241-12e5805e1cd1,land.cheap,premium,207.2,207.2,high,low,4,spaceship,,,28/09/2026 18:00
4234696a-0f71-4a23-97cf-15cd852b4487,flavorless.cheap,available,5.98,49.98,medium,low,10,namecheap,,,10/08/2026 12:57
62082fe3-7aed-434c-90f8-5da35df189de,stagey.cheap,available,5.98,49.98,medium,low,6,namecheap,,,10/09/2026 18:06
5a615e54-b7b8-41ec-95b7-5025019cf8de,czechoslovakia.cheap,available,9.99,,medium,low,14,name.com,,,
a6e37959-780e-4a7e-b172-036ef123e90e,settling.cheap,available,8.5,,medium,low,8,unstoppable,,,28/09/2026 20:24
3083070e-e38f-402c-a702-b74f87fc7e01,progress.cheap,available,8.5,30.18,high,low,8,unstoppable,,,01/10/2026 00:52
880b64eb-38ce-488a-936c-c654f29c38d0,nanus.cheap,available,5.98,49.98,medium,low,5,namecheap,,,24/08/2026 22:32
7f622ef9-cba1-47d7-b425-0d7c26725e27,figural.cheap,available,5.98,49.98,medium,low,7,namecheap,,,18/08/2026 03:51
68f71913-bcf2-435a-b2e8-e713e125926d,saba.cheap,available,5.66,29.35,high,low,4,porkbun,,,29/09/2026 02:04
f1b6bfb1-eddd-41b9-b45b-653e4825c968,carl.cheap,available,8.99,36.49,high,medium,4,namesilo,,,25/09/2026 11:30
b2e36b8f-a13c-4197-9765-457a5c1e51dd,launched.cheap,available,5.98,49.98,high,low,8,namecheap,,,18/09/2026 13:03
2ed9d536-921e-44e3-8faa-7f5c05329145,spotting.cheap,available,5.38,29.18,high,low,8,spaceship,,,30/09/2026 17:13
2894530e-046f-4456-9d70-c6721bde5a76,sorcerous.cheap,available,5.98,49.98,medium,low,9,namecheap,,,24/08/2026 13:00
dca04fbf-e084-40ac-bf63-a49220c3d773,abaxial.cheap,available,5.98,49.98,medium,low,7,namecheap,,,
a90e15bd-70a3-46c1-a3e6-06b649b39573,skills.cheap,available,8.99,36.49,high,medium,6,namesilo,,,17/09/2026 12:40
f7a71f0a-f7f0-4cf7-bd14-243f72fc1ee1,winfred.cheap,available,5.98,49.98,medium,low,7,namecheap,,,19/09/2026 19:23
e198167a-2d69-4f78-ac74-794a9670f2ae,relics.cheap,available,5.98,49.98,medium,low,6,namecheap,,,18/09/2026 20:08
563b75fe-4272-4f21-a237-b353eb0a3dd8,scratches.cheap,available,5.98,49.98,high,low,9,namecheap,,,
c1d87e0a-2b51-4ce5-975e-2f93f65e9b46,ducktape.cheap,available,8.99,36.49,high,low,9,namesilo,,,27/09/2026 08:55
83d9b996-940e-4a0a-80f4-44e2af8128ed,rumble.cheap,available,5.98,49.98,high,low,6,namecheap,,,20/08/2026 20:36
00ade000-914d-4482-b5a7-31bc2faed28d,sep.cheap,available,5.98,49.98,high,low,3,namecheap,,,30/09/2026 10:56
39952ac7-371a-4fcd-bf0c-6d71130a6c8f,drills.cheap,available,5.38,29.18,medium,low,6,spaceship,,,30/09/2026 15:41
99e0a2dd-1338-4003-ac73-1c468bb92fe0,accentuate.cheap,available,8.99,36.49,high,low,10,namesilo,,,16/09/2026 21:56
59fbcc7d-2e69-44bb-8420-264bf2b24cbd,grazing.cheap,available,8.99,36.49,medium,low,7,namesilo,,,29/09/2026 01:08
8254c062-1ed5-4b83-adec-ab1770a6d275,calf.cheap,available,5.98,49.98,high,low,4,namecheap,,,29/09/2026 05:52
b2ea68f7-ed0f-4b50-8f69-6bcbeb181ed5,allergies.cheap,available,5.38,29.18,medium,low,9,spaceship,,,30/09/2026 23:41
b27fd5d8-87da-4f12-8e30-c7cd21cc29d9,eolithic.cheap,available,5.98,49.98,medium,low,8,namecheap,,,17/08/2026 10:10
6678ac4c-bdbb-4157-984a-3c7ffaf22a15,ascendence.cheap,available,8.99,36.49,medium,low,10,namesilo,,,20/09/2026 13:04
57b6b76f-7787-479b-a462-46f0b51f2332,missile.cheap,available,5.98,49.98,high,low,7,namecheap,,,27/09/2026 07:17
7a6c8c5b-89e1-4d4c-b4d9-d94a3d5bdf58,encysted.cheap,available,5.98,49.98,medium,low,8,namecheap,,,17/08/2026 00:44
cb1f420c-82dd-4ecf-881a-c407097dbbc9,recondite.cheap,available,5.98,49.98,medium,low,9,namecheap,,,
fec7778f-f405-449c-b3c3-125614fa5f61,crowned.cheap,available,5.98,49.98,high,low,7,namecheap,,,13/08/2026 08:34
7ba3ea3f-7867-49eb-ab66-d04489b4cf23,plutonium.cheap,available,8.99,36.49,high,low,9,namesilo,,,21/09/2026 00:12
8a97281b-0e49-4691-add7-1f563f5d7614,ftp.cheap,available,9.99,55.99,high,low,3,godaddy,,,30/09/2026 01:37
e4e9eff9-8baa-424e-bd44-c2d9b96d3ff7,convinced.cheap,available,9.99,,high,low,9,name.com,,,
a5dce71c-d8eb-46b4-9a67-528592c624fe,uninviting.cheap,available,5.98,49.98,medium,low,10,namecheap,,,12/09/2026 13:39
9f40390b-33e7-4b7e-b30c-d8dbf3d7c39e,lothian.cheap,available,5.38,29.18,medium,low,7,spaceship,,,30/09/2026 00:22
d704bdeb-3334-4abb-bf50-5a245ae3ee8b,ict.cheap,available,8.5,,high,low,3,unstoppable,,,28/09/2026 11:56
8c1ef4a0-a64e-4c20-af23-a0f2f5e26aa6,standing.cheap,available,5.66,29.35,high,low,8,porkbun,,,28/09/2026 00:41
1dcace3f-1e68-434c-be06-7e6b8d37e00d,district.cheap,available,8.99,36.49,high,low,8,namesilo,,,29/09/2026 16:18
d762cdc0-a0c6-462b-8d82-e72c0f2126e7,persons.cheap,available,28.2,28.2,medium,low,7,cloudflare,,,27/09/2026 21:14
fa09c4b5-af15-4ee0-9fcc-aa202b95d7ab,abwatt.cheap,available,8.99,36.49,medium,low,6,namesilo,,,16/09/2026 19:39
024d4208-580f-486f-84a8-2f1b0c693fa4,adze.cheap,available,5.98,49.98,medium,low,4,namecheap,,,17/09/2026 12:02
e3f7230b-6bb6-45a0-ae2e-c297e8147c6a,zaman.cheap,available,8.99,36.49,high,low,5,namesilo,,,18/09/2026 03:15
718c8c9c-898c-443c-8eba-a93c656d9e42,features.cheap,available,28.2,28.2,medium,low,8,cloudflare,,,28/09/2026 12:52
4dba12ad-a4f2-4c12-b250-ddec6619afb0,carole.cheap,available,8.99,36.49,high,low,6,namesilo,,,30/09/2026 05:00
c68f6fc4-fd8e-40a6-b09a-87eb189a6ec1,instructions.cheap,available,8.99,36.49,high,low,12,namesilo,,,25/09/2026 16:47
e4252204-ace7-46ac-8559-36fbfe4af6ac,lecture.cheap,available,5.38,29.18,high,low,7,spaceship,,,30/09/2026 02:40
1c8c65ce-4134-4241-a2b8-f825f1fea396,mckinnon.cheap,available,5.98,49.98,medium,low,8,namecheap,,,30/09/2026 05:39
12abb88e-291d-482e-a4a2-0ea20889b726,looney.cheap,available,5.98,49.98,medium,low,6,namecheap,,,13/08/2026 05:34
c98249f8-c139-407e-8890-182365b692dc,apneic.cheap,available,5.98,49.98,medium,low,6,namecheap,,,06/08/2026 00:40
688e7be4-b1ca-4a19-95c0-65d6a4ae1e75,scarface.cheap,available,5.38,29.18,medium,low,8,spaceship,,,28/09/2026 19:51
be61de47-25b9-48d6-a28d-ab7cb4dc97d9,through.cheap,available,8.99,36.49,high,low,7,namesilo,,,24/09/2026 11:40
bfa8c7da-1e84-419b-a081-00812734acb5,portsmouth.cheap,available,8.99,36.49,high,low,10,namesilo,,,25/09/2026 10:02
65ab2a8a-4963-4627-9fdb-ac9d772bb3fe,yowl.cheap,available,5.98,49.98,medium,low,4,namecheap,,,23/09/2026 06:24
65dcd662-e69b-4f51-96c7-e836cbd6101d,righteous.cheap,available,5.38,29.18,high,low,9,spaceship,,,27/09/2026 15:12
e305c4f5-2814-4d78-9112-0b90a146e78d,profanely.cheap,available,5.98,49.98,low,low,9,namecheap,,,15/09/2026 21:40
c9b15ea7-934e-4bc7-8cff-1d272ef217d1,documents.cheap,available,9.99,,high,low,9,name.com,,,
3d15b444-70d8-48ec-8e84-077d504baac8,organise.cheap,available,8.99,36.49,high,low,8,namesilo,,,23/09/2026 23:21
e89d0d37-cd43-4e75-a298-d07103687b0e,parkes.cheap,available,5.66,29.35,medium,low,6,porkbun,,,29/09/2026 22:23
3f47140e-001f-4fcc-b4e6-a8180573c773,polygon.cheap,available,5.57,30.18,high,low,7,dynadot,,,30/09/2026 07:11
395cd590-9ed6-47b4-983b-f96411059864,macgregor.cheap,available,8.5,,medium,low,9,unstoppable,,,28/09/2026 19:47
0dd64f8e-ebd8-4487-999e-86e6160a0ed5,orgy.cheap,available,8.99,36.49,high,low,4,namesilo,,,23/09/2026 17:17
cea151ed-9618-408e-b064-185b51eb86e8,offenses.cheap,available,8.99,36.49,low,low,8,namesilo,,,20/09/2026 10:35
b1bdd554-051a-418a-a815-fa3810392ca2,onward.cheap,available,5.98,49.98,high,low,6,namecheap,,,14/09/2026 19:49
7e363580-0d84-4085-8341-cb97a3822c9b,sleeps.cheap,available,8.5,,medium,low,6,unstoppable,,,28/09/2026 13:22
e10986a4-9f52-4989-bb54-9595b5cf657a,pristine.cheap,available,8.99,36.49,high,low,8,namesilo,,,27/09/2026 06:11
e0ee3bd4-f9ad-4b84-a428-c971d687d8e5,potbound.cheap,available,5.98,49.98,medium,low,8,namecheap,,,09/09/2026 00:44
a8bd3033-ceb5-44fd-a5b7-8dea8d5dfeb1,cozily.cheap,available,5.98,49.98,medium,low,6,namecheap,,,14/09/2026 08:48
1cd1e7f6-ae60-4705-bc64-741e2ccb0996,orientated.cheap,available,5.98,49.98,high,low,10,namecheap,,,04/09/2026 17:54
13f65287-dfe8-4981-80c2-d66b209b9c2c,arrivals.cheap,available,5.98,49.98,medium,low,8,namecheap,,,21/09/2026 01:02
878f674c-eb0a-4f68-8e95-96a4d6b6af0e,dusts.cheap,available,5.98,49.98,low,low,5,namecheap,,,21/09/2026 01:44
a7ae3d26-6ef0-472b-be31-f0017193d10a,weakness.cheap,available,5.98,49.98,medium,low,8,namecheap,,,17/08/2026 20:45
9d4e2296-c0f8-453b-8ea6-17d91bf937b9,oiled.cheap,available,5.98,49.98,medium,low,5,namecheap,,,04/09/2026 01:49
35ccf746-c190-44df-9302-0ddef3a13a50,decadent.cheap,available,5.98,49.98,high,low,8,namecheap,,,13/08/2026 20:50
bd25ebe8-d4b4-42f3-b387-43bea9a9f7d8,arrives.cheap,available,8.99,36.49,medium,low,7,namesilo,,,20/09/2026 01:05
373b47bb-0c3d-4cfd-916f-f3d2fcd8dc4a,toys.cheap,resell,,,high,low,4,Dynadot Inc,04/04/2020 12:05,04/04/2027 12:05,26/09/2026 09:42
c5774b0b-e1c9-4d49-9b62-e8784ee6f387,musty.cheap,available,5.98,49.98,medium,low,5,namecheap,,,18/08/2026 16:44
5d4aa56e-6977-450b-9c6b-3c68d63c82ed,mankato.cheap,available,5.98,49.98,high,low,7,namecheap,,,30/09/2026 17:58
bad323db-4cbe-47d9-9e99-9e12a1834c85,counted.cheap,available,9.99,,medium,low,7,name.com,,,
f7dd9285-45bd-44ff-a14c-427d07f5600b,templates.cheap,available,5.98,49.98,medium,low,9,namecheap,,,18/09/2026 15:03
63331ccb-8899-49a4-b0fb-2fb040bc0c8c,embarrassing.cheap,available,5.98,49.98,medium,low,12,namecheap,,,27/09/2026 06:37
b0b94c28-35b8-43b4-81d7-4b2b33124000,narayan.cheap,available,8.99,36.49,medium,low,7,namesilo,,,29/09/2026 15:24
11e8fb50-9201-4a51-a92d-0f04bcc32237,embarrass.cheap,available,8.5,,medium,low,9,unstoppable,,,29/09/2026 11:42
bc76d71d-a805-494a-8290-98fbe619e821,cements.cheap,available,8.99,36.49,medium,low,7,namesilo,,,20/09/2026 09:07
25b74b8d-2ec1-48bf-90b3-2c74f60754e2,tastes.cheap,available,8.99,36.49,medium,low,6,namesilo,,,19/09/2026 00:38
b93b56f9-84b0-44d7-96bf-2f5d1dd90971,cheryl.cheap,available,8.99,36.49,medium,low,6,namesilo,,,27/09/2026 07:16
492d447d-e98c-472a-8d9a-2d5213ffc342,neoliberal.cheap,available,5.98,49.98,high,low,10,namecheap,,,03/09/2026 15:23
9893d9fd-8fe7-4b72-922b-68010d3303f6,buffoon.cheap,available,8.99,36.49,medium,low,7,namesilo,,,24/09/2026 10:55
a0429ec5-bb60-4463-85ec-fd44257a0cbe,committed.cheap,available,5.98,49.98,high,low,9,namecheap,,,23/09/2026 15:46
54fcd24f-b269-4dfa-932a-0afca0897b9c,histrion.cheap,available,5.98,49.98,medium,low,8,namecheap,,,11/09/2026 13:07
25921e00-8d44-4c1e-8f52-17cc5ae263f1,seawards.cheap,available,5.98,49.98,medium,low,8,namecheap,,,10/09/2026 01:02
3cea5b65-c0c0-4ebb-aa58-453f177af5fd,demise.cheap,available,5.98,49.98,high,low,6,namecheap,,,14/08/2026 21:56
8a2b95cc-619f-4191-95fd-479c7667a1a6,oars.cheap,available,8.99,36.49,medium,low,4,namesilo,,,18/09/2026 11:47
7be8b072-c73e-44e6-8d96-01e957ced717,character.cheap,available,8.99,36.49,high,low,9,namesilo,,,24/09/2026 13:45
5fa9661f-8430-41f8-9ce0-efd33fc3bbeb,conyers.cheap,available,8.99,36.49,medium,low,7,namesilo,,,30/09/2026 14:02
f807e029-a0d3-4b47-82f4-e4577b11f060,maggie.cheap,available,8.99,36.49,high,low,6,namesilo,,,25/09/2026 11:56
25c44937-e197-4f14-aa46-2d8231dfb665,radial.cheap,available,5.98,49.98,high,low,6,namecheap,,,09/09/2026 09:30
8220790c-9254-46b1-90cc-55c8ab0ffbef,floss.cheap,available,8.99,36.49,high,low,5,namesilo,,,24/09/2026 21:54
a50d3362-ad5b-4cce-8e1a-a2cea3393f90,koh.cheap,available,5.38,29.18,medium,low,3,spaceship,,,29/09/2026 04:20
d202f9b4-0c5f-450c-b422-7ccdec75992d,gastronome.cheap,available,5.98,49.98,high,low,10,namecheap,,,17/08/2026 10:44
32dc0e2e-be33-420d-b3aa-4b67db458835,surprisingly.cheap,available,9.99,,high,low,12,name.com,,,
143f4443-fee4-4d95-9e9f-edf3c226423a,osa.cheap,available,5.38,29.18,high,low,3,spaceship,,,30/09/2026 20:30
261b3687-ae16-4e6e-a8ef-5ccd19d3ae46,caen.cheap,available,5.38,29.18,medium,low,4,spaceship,,,29/09/2026 09:32
2fe7fb5f-7cdf-4c68-93a3-40f6863a9ba4,preoccupied.cheap,available,8.99,36.49,medium,low,11,namesilo,,,29/09/2026 08:47
889dd582-43e6-42b7-b603-cc9e0aa791dd,organ.cheap,available,8.5,,high,low,5,unstoppable,,,29/09/2026 17:54
f8f6f0cf-8344-4fa5-8c74-0fe2c8752955,brigand.cheap,available,8.99,36.49,medium,low,7,namesilo,,,22/09/2026 01:20
614e2e0c-5abe-4dbb-aea3-3be87f1b6e1a,clegg.cheap,available,5.57,30.18,medium,low,5,dynadot,,,30/09/2026 16:44
f06ded75-3b2f-416a-8528-7a77e664fe81,anglerfish.cheap,available,8.99,36.49,medium,low,10,namesilo,,,18/09/2026 11:41
ab1eabbf-a683-4ffa-80fb-a8df60830dda,octavo.cheap,available,8.99,36.49,medium,low,6,namesilo,,,16/09/2026 12:43
6fbb5707-bfda-488c-a3d7-fd1f331375e0,affections.cheap,available,8.99,36.49,medium,low,10,namesilo,,,17/09/2026 07:05
cd5a60e9-f0fa-44cb-b28b-e83b571fe592,robbie.cheap,available,5.38,29.18,high,low,6,spaceship,,,27/09/2026 19:05
2973ce2a-5545-4bdb-bda0-c0af790db7b3,listeners.cheap,available,8.5,,medium,low,9,unstoppable,,,29/09/2026 17:43
4c8ba98d-2b77-4688-a05d-80263d60393d,eviction.cheap,available,8.99,36.49,high,low,8,namesilo,,,24/09/2026 17:35
5a8ad64a-c818-4e49-81c2-d9c2988a2208,sepaline.cheap,available,5.98,49.98,medium,low,8,namecheap,,,10/09/2026 03:55
1dae600a-4e73-4f63-9da4-7a77ef5ee347,adrenal.cheap,available,5.98,49.98,high,low,7,namecheap,,,
86e6e456-b035-4fb3-ba93-645014c150bf,soccer.cheap,premium,242,242,high,low,6,namesilo,,,28/09/2026 22:49
5fe5561c-655a-4fd0-94d3-6b575ab2d55c,wastebasket.cheap,available,9.99,,high,low,11,name.com,,,
9fbdc940-a597-42a1-aaa8-83c97384f8de,vermicular.cheap,available,5.98,49.98,medium,low,10,namecheap,,,13/09/2026 02:27
c3ac3588-e52a-4d69-8bdf-fea73c4d63c2,gluey.cheap,available,5.98,49.98,medium,low,5,namecheap,,,20/08/2026 15:16
cf23648c-040c-418f-98ed-6e422d4cbd9d,afc.cheap,available,5.57,30.18,high,low,3,dynadot,,,28/09/2026 16:17
1099b9b4-7d02-48a7-94f9-c97a73953be8,sophie.cheap,available,8.99,36.49,high,low,6,namesilo,,,25/09/2026 11:44
0dcab2c9-444e-4ca2-aa10-d13eab3e2be6,paved.cheap,available,5.98,49.98,high,low,5,namecheap,,,08/09/2026 10:53
fd6c69d8-9a4e-4684-aaa3-7c99b2b32973,initiative.cheap,available,8.99,36.49,high,low,10,namesilo,,,19/09/2026 04:32
2a7520f5-ad87-48a7-89b0-fdce22daf10d,declares.cheap,available,9.99,55.99,medium,low,8,godaddy,,,01/10/2026 00:10
5851e29b-46da-4db7-b822-3cc7ac167c8b,affiliates.cheap,available,8.99,36.49,high,low,10,namesilo,,,21/09/2026 06:56
88f27393-6d27-49ed-85c8-3cd3cbcde564,propulsive.cheap,available,5.98,49.98,high,low,10,namecheap,,,09/09/2026 03:32
8259913b-2ae1-44dd-a49e-e8bb9ded5a2e,canterbury.cheap,available,28.2,28.2,high,low,10,cloudflare,,,29/09/2026 18:10
cb13e74e-3d24-4ac4-805d-fe3cfa030627,cranberry.cheap,available,5.57,30.18,high,low,9,dynadot,,,30/09/2026 01:08
bf876c03-ba0e-424d-a41b-74333f9b019a,numeral.cheap,available,5.98,49.98,high,low,7,namecheap,,,03/09/2026 22:50
6e86ead7-e2b4-411a-8bdf-c4276c8ea65a,geologic.cheap,available,5.98,49.98,high,low,8,namecheap,,,18/08/2026 22:30
54b89fe6-d197-48b9-af0f-50466860a537,showy.cheap,available,5.98,49.98,medium,low,5,namecheap,,,18/08/2026 06:20
0ce65821-eaf6-479a-86fc-7fc250a7f2fe,consecrate.cheap,available,5.98,49.98,high,low,10,namecheap,,,12/08/2026 22:25
797adbb7-fc8a-4cff-bc10-989cbc453a18,dipping.cheap,available,28.2,28.2,high,low,7,cloudflare,,,30/09/2026 14:42
76bf9720-1b0f-4af9-ac3e-a2602b80463f,county.cheap,available,5.98,49.98,high,low,6,namecheap,,,24/09/2026 18:41
4101e552-f68e-4910-934a-4d66f30a20e4,contract.cheap,available,5.98,49.98,high,low,8,namecheap,,,03/09/2026 13:23
3c634759-ed1c-4f76-8bf7-37e1576d0e73,beans.cheap,available,9.99,,high,low,5,name.com,,,
eb5c9762-ab72-4f91-9253-451f96b58fda,directions.cheap,available,5.98,49.98,high,low,10,namecheap,,,27/09/2026 09:16
087bb46f-a8ae-43ea-9ebf-458bd158113d,declining.cheap,available,9.99,,medium,low,9,name.com,,,
0e5cfb55-d4d6-44aa-a894-9b1c05161e36,ebenezer.cheap,available,8.5,,high,low,8,unstoppable,,,30/09/2026 20:11
10c8d14d-5f86-469b-8ff9-a19802d60aac,nicholls.cheap,available,5.38,29.18,medium,low,8,spaceship,,,28/09/2026 16:37
14f67715-4849-4c27-a8c2-920b4757f22e,veridical.cheap,available,5.98,49.98,medium,low,9,namecheap,,,13/09/2026 02:24
31bc6f25-ad36-4d4b-8681-f01eccef3577,addon.cheap,available,8.99,36.49,high,low,6,namesilo,,,17/09/2026 06:37
000d997f-b918-40a0-8f36-1e1ee7b1445e,harare.cheap,available,8.99,36.49,medium,low,6,namesilo,,,24/09/2026 12:36
921c7349-93db-48e8-831b-0459c540590b,brotherly.cheap,available,5.98,49.98,high,low,9,namecheap,,,11/08/2026 06:18
5962d72e-8c00-44b8-afd6-3406555b67ba,briss.cheap,available,8.99,36.49,medium,low,5,namesilo,,,23/09/2026 09:30
12081fb1-ef37-47a1-8d2c-258e2ad1b5bc,waterfront.cheap,available,5.57,30.18,high,low,10,dynadot,,,30/09/2026 03:05
2c6e8fc8-912e-4fa6-a83f-cecae32d19ca,neolithic.cheap,available,5.98,49.98,medium,low,9,namecheap,,,03/09/2026 15:25
9d575b61-ee08-4ae3-b871-2277c2861f36,rose.cheap,available,8.99,36.49,high,medium,4,namesilo,,,27/09/2026 16:23
58159847-da76-49f4-b06b-886f41da03cb,utterly.cheap,available,5.38,29.18,medium,low,7,spaceship,,,28/09/2026 11:39
4922f1df-f1cf-4232-8ac6-2336f27f198b,ptsd.cheap,available,8.99,36.49,medium,low,4,namesilo,,,28/09/2026 10:45
0220a503-fae0-48c9-b4d6-b6b68f1ee44e,aboard.cheap,available,8.99,36.49,high,low,6,namesilo,,,28/09/2026 11:33
9b26cfe3-9deb-41ea-81a0-18b171460743,darlington.cheap,available,8.99,36.49,high,low,10,namesilo,,,27/09/2026 06:24
ebf75dff-a28c-466c-bfcd-4df6b5fa1660,boer.cheap,available,5.98,49.98,medium,low,4,namecheap,,,
3a60ec9a-607b-429c-8763-0b0e5a7e0162,indifference.cheap,available,28.2,28.2,high,low,12,cloudflare,,,29/09/2026 23:01
5ea1ffd8-6a32-4f2a-a27c-8906cf5dbf16,alliance.cheap,available,8.99,36.49,high,low,8,namesilo,,,18/09/2026 07:42
6211f70a-8435-40db-bf26-6c1d2f070066,shoeless.cheap,available,5.98,49.98,medium,low,8,namecheap,,,08/08/2026 19:04
6ee32ca3-d49f-4452-b73c-c658177cf3c3,para.cheap,available,8.99,36.49,high,low,4,namesilo,,,23/09/2026 04:51
7f4e858b-e3c8-4b42-b757-c4d9219235eb,improbably.cheap,available,5.98,49.98,medium,low,10,namecheap,,,15/09/2026 02:27
84098542-4985-434e-8c85-7f3906975d30,combo.cheap,available,5.66,29.35,high,low,5,porkbun,,,30/09/2026 09:14
2a1e233b-3b59-438a-a3fb-c509d632a625,peoria.cheap,available,8.99,36.49,high,low,6,namesilo,,,27/09/2026 04:58
8a95492f-f8ab-4303-8cad-67f53e1f74dc,sacking.cheap,available,5.98,49.98,medium,low,7,namecheap,,,21/09/2026 18:04
7330fd92-5119-430e-8499-0b83ddb3b2ce,manycore.cheap,available,8.99,36.49,medium,low,8,namesilo,,,17/09/2026 08:17
8667e39e-6562-443b-aadb-aac1e264d731,dividable.cheap,available,5.98,49.98,medium,low,9,namecheap,,,14/08/2026 13:41
078a34ea-e0fe-484f-9e4e-103b43f149cc,employees.cheap,available,8.99,36.49,medium,low,9,namesilo,,,27/09/2026 02:50
0b4ba0ce-fff0-4025-ae18-494cf0257fb0,dated.cheap,available,9.99,46.99,medium,low,5,name.com,,,13/08/2026 18:40
4a52c297-e9b8-4776-a50d-4bc7d7397a76,worthy.cheap,available,5.38,29.18,high,low,6,spaceship,,,28/09/2026 11:05
00ed0c23-6c17-478d-b75a-3a006be24d89,whap.cheap,available,8.99,36.49,medium,low,4,namesilo,,,22/09/2026 10:30
814aca43-65b5-4756-a33a-edc2a69e55ff,stared.cheap,available,8.99,36.49,medium,low,6,namesilo,,,18/09/2026 02:18
cbf33699-9d51-4c41-b797-607eea71ff5f,bibos.cheap,available,9.99,46.99,low,low,5,name.com,,,23/09/2026 13:02
126b2c2f-82b7-4da2-b66e-328395032533,stand.cheap,available,5.66,29.35,high,low,5,porkbun,,,29/09/2026 00:58
5666441b-ff08-43b0-80a0-7de06b4a8a0b,acanthus.cheap,available,5.98,49.98,medium,low,8,namecheap,,,16/09/2026 21:02
0f67e96f-0d46-4d86-a5db-72f9290635df,bedroll.cheap,available,8.99,36.49,medium,low,7,namesilo,,,22/09/2026 23:33
c9995783-d0f6-44a1-97ee-2ea5b80e28f4,scrutinize.cheap,available,8.99,36.49,high,low,10,namesilo,,,21/09/2026 03:06
41bcf37a-7f6c-4403-85f9-3dfdcf8328d4,comparable.cheap,available,8.99,36.49,high,low,10,namesilo,,,23/09/2026 16:34
8ea284a4-3eb0-454c-89e0-c7d1ae8ff71c,unobvious.cheap,available,5.98,49.98,medium,low,9,namecheap,,,12/09/2026 16:07
c26bf197-3719-45b4-8807-404962f8bb7e,surfers.cheap,available,8.99,36.49,medium,low,7,namesilo,,,20/09/2026 02:01
06acde11-e2dd-49b1-a91e-40f62e6b6fb6,laboratory.cheap,available,28.2,28.2,high,low,10,cloudflare,,,30/09/2026 18:22
179591cd-2bcf-48e6-ad43-6acbb5e1888f,decorative.cheap,available,5.98,49.98,high,low,10,namecheap,,,13/08/2026 02:51
0c183faf-953b-4ef6-b8b4-6f66e5cd872d,intruder.cheap,available,5.38,29.18,high,low,8,spaceship,,,29/09/2026 13:09
e176c6da-2c35-4dcd-9d4d-6e2edf47a5ce,doubling.cheap,available,28.2,28.2,high,low,8,cloudflare,,,29/09/2026 16:36
e78fafa6-3d4b-49a0-8269-8c3e472330b7,enjoyed.cheap,available,8.99,36.49,medium,low,7,namesilo,,,25/09/2026 20:42
8e136a20-de53-435a-a167-bd2f2917a4ca,predict.cheap,available,8.99,36.49,high,medium,7,namesilo,,,21/09/2026 03:41
83d398da-66d1-4c41-9e65-c583f5ca7020,syringe.cheap,available,8.99,36.49,high,low,7,namesilo,,,30/09/2026 11:09
2f7cd31f-6f54-47f0-8700-f757087493fc,incisive.cheap,available,5.98,49.98,medium,low,8,namecheap,,,22/08/2026 01:21
d006d617-992d-4df0-af13-91c76ec0986a,chatty.cheap,available,5.98,49.98,high,low,6,namecheap,,,12/08/2026 03:17
1a9b833a-1871-4826-bdb7-69a69d64536f,positron.cheap,available,8.99,36.49,medium,low,8,namesilo,,,19/09/2026 14:21
64b9cac8-68d0-4430-bbc9-fee54d1d6ba9,merciless.cheap,available,5.98,49.98,medium,low,9,namecheap,,,24/08/2026 20:36
7aa04f46-3fa1-47a4-8cc3-61c490a63c98,talents.cheap,available,5.38,29.18,high,low,7,spaceship,,,28/09/2026 13:14
e75a68be-d4de-429a-899b-1da3c99f6c20,theatre.cheap,available,8.99,36.49,high,low,7,namesilo,,,24/09/2026 23:54
fe0792f9-5f56-456b-95b8-ec1755cce86a,ann.cheap,available,9.99,,high,low,3,name.com,,,
030f6fd9-c754-40d1-8e88-65cca4d8f023,pliant.cheap,available,5.98,49.98,medium,low,6,namecheap,,,09/08/2026 14:11
0f1a6d2c-256b-4792-8f65-df7c7b02b317,eliot.cheap,available,8.99,36.49,high,low,5,namesilo,,,25/09/2026 05:27
29f6f0f9-ce45-471e-8a50-976188f69dbe,jessie.cheap,available,8.99,36.49,high,low,6,namesilo,,,25/09/2026 11:53
4f851d49-efd9-42e4-b3ca-74f4a83d294c,payton.cheap,available,5.38,29.18,medium,low,6,spaceship,,,30/09/2026 07:49
f90e24cb-fbbd-40df-b950-b342df9457eb,forsyth.cheap,available,5.98,49.98,high,low,7,namecheap,,,27/09/2026 21:08
b1719487-ecfa-49df-8904-f3b708cd8c3b,genetically.cheap,available,5.38,29.18,medium,low,11,spaceship,,,28/09/2026 21:22
04bf1319-8cd5-4d62-97e9-45c7a7e9e952,curling.cheap,available,5.98,49.98,high,low,7,namecheap,,,13/08/2026 11:21
21dbcc68-a926-4eda-a096-d3ce50845a6a,voting.cheap,available,5.38,29.18,high,low,6,spaceship,,,29/09/2026 00:48
9f1efd0f-2820-426e-a2fc-925f31dce014,dulcet.cheap,available,5.98,49.98,medium,low,6,namecheap,,,14/08/2026 20:59
88b63804-04da-45df-8fc3-938b493c197f,mocking.cheap,available,5.98,49.98,medium,low,7,namecheap,,,14/08/2026 02:52
826e818d-e995-4cf2-9575-98e954a438be,collected.cheap,available,5.98,49.98,high,low,9,namecheap,,,12/08/2026 17:00
93857bf9-a823-4a79-a716-3561f0a38705,goldberg.cheap,available,8.99,36.49,high,low,8,namesilo,,,25/09/2026 06:35
6ac213a1-57f6-4d51-8601-2044c69f4ad7,thunderous.cheap,available,9.99,46.99,medium,low,10,name.com,,,13/08/2026 19:56
c0bc3a5f-24df-4f73-822a-7a0cf7935a1e,homesteads.cheap,available,28.2,28.2,medium,low,10,cloudflare,,,30/09/2026 07:32
51b0914e-b4d7-4cdf-9dc5-2106a012a549,cager.cheap,available,8.99,36.49,medium,low,5,namesilo,,,22/09/2026 11:27
a1269958-dad2-48b6-89cd-e1f1b47ae1de,plo.cheap,available,8.5,,medium,low,3,unstoppable,,,28/09/2026 10:40
a2f5649c-b74c-4a8b-a418-26f1de449f96,lattices.cheap,available,5.38,29.18,medium,low,8,spaceship,,,30/09/2026 07:03
b2bd5aff-dd30-4e44-ad61-03316d0a3d7b,doubtless.cheap,available,5.98,49.98,high,low,9,namecheap,,,14/09/2026 13:54
d1acc1c8-edc1-4c3a-93a3-e7b2add9c5e0,responsive.cheap,available,8.99,36.49,high,low,10,namesilo,,,22/09/2026 06:49
7bc655c3-d585-4486-b303-7abf149f1bb2,became.cheap,available,9.99,,medium,low,6,name.com,,,
67400a1d-bb27-4608-ac7f-a76629b79dbc,hinault.cheap,available,8.99,36.49,medium,low,7,namesilo,,,23/09/2026 09:48
2599039a-3687-437c-9e52-7f5969576131,leech.cheap,available,8.99,36.49,medium,low,5,namesilo,,,24/09/2026 06:16
52f7bd21-5e64-4dfd-9aeb-766cc7b9c605,swarm.cheap,available,5.38,29.18,high,medium,5,spaceship,,,29/09/2026 14:02
34d6b01a-5d9c-479b-a58b-13a5e49a9a7d,treating.cheap,available,8.5,49.98,medium,low,8,unstoppable,,,28/09/2026 08:47
60db49f2-ef5a-4403-a691-7cd10f4fe650,ferine.cheap,available,5.98,49.98,medium,low,6,namecheap,,,18/08/2026 01:16
61143ce0-267a-48af-a9a7-6827613cebcb,marek.cheap,available,5.38,29.18,high,low,5,spaceship,,,29/09/2026 17:56
f95ba50a-500c-4b60-af2a-00ab2fb11776,handbook.cheap,available,5.38,29.18,high,low,8,spaceship,,,29/09/2026 12:11
58c224a8-29ed-40de-9e55-791eb8add47d,comstock.cheap,available,8.99,36.49,high,low,8,namesilo,,,19/09/2026 13:40
f47b6845-1e50-4b99-b867-c302ab7039f7,nantucket.cheap,available,5.98,49.98,medium,low,9,namecheap,,,28/09/2026 19:57
2da05bc7-3007-42e7-a203-ab8fef1e96d3,bank.cheap,resell,,,high,medium,4,Dynadot Inc,14/07/2026 17:00,14/07/2027 17:00,29/09/2026 01:00
52108303-2b69-45c1-b3ee-ce17d58be4fa,peck.cheap,available,5.98,49.98,high,low,4,namecheap,,,25/08/2026 00:37
5b474883-5375-4804-b699-8227f7ce5162,advertiser.cheap,available,5.98,49.98,high,low,10,namecheap,,,17/09/2026 08:38
9b84eab6-3543-4c12-a25c-cc7582d0e924,manipulation.cheap,available,8.99,36.49,high,low,12,namesilo,,,29/09/2026 10:20
d067574a-90f5-46a0-a993-5ef13e378b25,promotions.cheap,available,5.38,29.18,high,low,10,spaceship,,,28/09/2026 08:51
2286db4c-b95c-4b0c-b3a2-20712c096a67,buff.cheap,available,5.98,49.98,high,low,4,namecheap,,,11/08/2026 07:48
c29e86e6-1242-421a-8379-5aa2ef7033d9,botchy.cheap,available,5.98,49.98,medium,low,6,namecheap,,,10/08/2026 20:53
83f2755f-abd3-4961-a0d3-fe0d918708fb,fiery.cheap,available,5.98,49.98,high,low,5,namecheap,,,06/08/2026 16:24
2d7a86ae-008f-4eee-b1c1-98ba0a3e3636,bladder.cheap,available,9.99,46.99,high,low,7,name.com,,,24/09/2026 03:26
7cf25cf3-d70b-47c8-b998-503ff28acbdf,outspread.cheap,available,5.98,49.98,high,low,9,namecheap,,,04/09/2026 19:47
892c359a-f8bc-4b92-8c32-b7de13834cdf,nurtural.cheap,available,5.98,49.98,medium,low,8,namecheap,,,03/09/2026 23:07
7e40a049-41ee-4e7a-b926-213e8575cb69,dismissed.cheap,available,8.99,36.49,medium,low,9,namesilo,,,24/09/2026 11:01
e35fc5ab-1740-4224-9507-01a913e5a091,specials.cheap,available,8.5,,high,low,8,unstoppable,,,29/09/2026 17:33
6bf58f26-a6a4-4b1c-81ed-79369c962e8b,fraction.cheap,available,28.2,28.2,high,low,8,cloudflare,,,29/09/2026 07:00
c609fb6b-7da0-4c26-9a06-923b6015c483,masculine.cheap,available,8.99,36.49,high,low,9,namesilo,,,25/09/2026 17:05
784b1d92-8ec5-4e36-9b08-c23a0273f7d5,harry.cheap,available,5.57,30.18,high,low,5,dynadot,,,29/09/2026 07:09
543ebf19-e64d-49e6-8b9c-903f7e980bac,gyrate.cheap,available,5.98,49.98,medium,low,6,namecheap,,,10/09/2026 15:51
e9270da7-5278-4844-a4a6-072d44d06e48,unstated.cheap,available,5.98,49.98,medium,low,8,namecheap,,,12/09/2026 09:45
eddf289f-3ec5-45a8-b12c-72a59f79c4ac,soldier.cheap,available,28.2,28.2,high,low,7,cloudflare,,,30/09/2026 11:28
a3deefdd-d939-4370-a63e-3d5e34797f70,unlatched.cheap,available,5.98,49.98,medium,low,9,namecheap,,,12/09/2026 01:38
a61eb55d-3515-4151-9225-a50543d28f81,ineptitude.cheap,available,8.99,36.49,medium,low,10,namesilo,,,21/09/2026 10:06
334cf276-23f7-4565-91d9-766b4dd331e6,moo.cheap,available,5.98,49.98,high,low,3,namecheap,,,24/08/2026 10:19
48a96a51-a113-494d-b24c-6c22e9552f03,elvis.cheap,available,5.38,29.18,high,low,5,spaceship,,,29/09/2026 00:14
e7b39c92-0b42-46ef-b389-2c20ff119976,trophies.cheap,available,5.98,49.98,medium,low,8,namecheap,,,29/09/2026 17:40
f98e18cf-8027-4e61-823d-1478375184c6,livelong.cheap,available,5.98,49.98,high,low,8,namecheap,,,24/08/2026 07:57
12ca638c-1760-444d-bade-4c6c6024be5d,shred.cheap,available,8.99,36.49,high,low,5,namesilo,,,01/10/2026 02:41
0297e029-8a68-4fe1-a10a-fe1a4f52b08b,ovens.cheap,available,8.99,36.49,medium,low,5,namesilo,,,20/09/2026 10:00
2073323c-d74a-4b4d-8249-7cfe85fdd969,membrane.cheap,available,8.99,36.49,high,low,8,namesilo,,,29/09/2026 07:36
0cc3a335-7f29-4d45-ac11-d89f5720ff83,hendrix.cheap,available,8.99,36.49,high,low,7,namesilo,,,28/09/2026 05:59
128da220-1d15-4d1c-a80b-41963db62c27,aging.cheap,available,8.99,36.49,high,low,5,namesilo,,,21/09/2026 22:40
8d7f587b-2555-4000-b66b-410adfbde71b,blended.cheap,available,5.98,49.98,high,low,7,namecheap,,,10/08/2026 14:14
9a85b54e-0f8a-479d-9b15-fccb5b6c1be4,involving.cheap,available,9.99,,medium,low,9,name.com,,,
256b9b40-5fdf-4280-9260-94c94a2285f2,others.cheap,available,8.99,36.49,high,low,6,namesilo,,,25/09/2026 16:48
4a60a323-d19e-4197-996d-7002f8cae7f7,conan.cheap,available,5.38,29.18,medium,low,5,spaceship,,,28/09/2026 07:59
a7bb09e9-f02e-47c7-a306-a96a8794a036,transporter.cheap,available,5.98,49.98,high,low,11,namecheap,,,30/09/2026 11:44
121f2a0f-f668-4bd8-9751-9aa99af46f9f,rewarding.cheap,available,5.98,49.98,high,low,9,namecheap,,,27/09/2026 14:47
86f085fc-d65c-4a78-bc75-15402a2b22aa,painful.cheap,available,5.98,49.98,high,low,7,namecheap,,,
23206730-c34c-4d47-ab5f-029aa53eb681,altai.cheap,available,28.2,28.2,high,low,5,cloudflare,,,30/09/2026 05:15
5e5b3e5e-21ac-4cf3-a0ca-b6a25923752d,leyte.cheap,available,8.5,,medium,low,5,unstoppable,,,29/09/2026 01:34
3f9dba34-8921-42da-9bd5-b119e214ac10,positively.cheap,available,5.98,49.98,high,low,10,namecheap,,,15/09/2026 21:03
1a497a3e-ca16-446d-8fbc-9a5e9377b6ab,official.cheap,available,8.99,36.49,high,low,8,namesilo,,,26/09/2026 00:05
00a0ea6d-be79-4aa7-ba88-048373831205,receiving.cheap,available,5.38,29.18,high,low,9,spaceship,,,27/09/2026 17:11
ec334b71-d568-49b9-9f89-a98232e6c650,healey.cheap,available,8.99,36.49,medium,low,6,namesilo,,,29/09/2026 04:32
29e78332-98b6-42c2-a0b6-d11d619c6e8f,quantity.cheap,available,5.38,29.18,high,low,8,spaceship,,,30/09/2026 08:58
c03d66c2-0d4f-4d63-9eda-9962db5d987e,moire.cheap,available,5.98,49.98,medium,low,5,namecheap,,,25/08/2026 03:26
2185a837-c8b3-4da6-8bf1-21c351a2f3c9,windward.cheap,available,5.98,49.98,high,low,8,namecheap,,,13/09/2026 12:22
2d9e0e12-3647-4240-9521-331b0c6aa72d,overbold.cheap,available,5.98,49.98,medium,low,8,namecheap,,,04/09/2026 20:21
4d450b9e-1c32-4b6a-9494-a19628821188,durable.cheap,available,8.99,36.49,high,low,7,namesilo,,,24/09/2026 12:29
8c15eb34-8840-4c25-8ac9-8885886aa120,impudent.cheap,available,5.98,49.98,medium,low,8,namecheap,,,18/08/2026 08:23
eeddca00-a181-4e6a-afc4-8677ea824771,unionized.cheap,available,5.98,49.98,medium,low,9,namecheap,,,03/09/2026 19:29
2c5cd9b3-fd76-43d2-85df-41d42c56c9e7,scab.cheap,available,8.99,36.49,medium,low,4,namesilo,,,24/09/2026 02:52
0e40dde8-a154-44f1-8f28-0c4749aad327,confusion.cheap,available,5.98,49.98,high,low,9,namecheap,,,29/09/2026 10:55
360f0c63-ef28-4bf0-a50e-b89e6d802885,hidden.cheap,available,5.98,49.98,high,low,6,namecheap,,,23/09/2026 18:38
b1c51a66-827c-428c-b32c-a8f7a18d501a,cats.cheap,available,5.98,49.98,high,low,4,namecheap,,,17/09/2026 10:29
75cffbb1-20c2-4d85-ad91-541c873e5bdd,coveted.cheap,available,8.99,36.49,high,low,7,namesilo,,,24/09/2026 00:56
87868662-35bf-4d40-9d82-6a94a191cf3a,participants.cheap,available,5.98,49.98,high,low,12,namecheap,,,18/09/2026 04:57
6ad35d16-acc5-4c1f-9d6c-6fac45ddada5,analphabet.cheap,available,5.98,49.98,medium,low,10,namecheap,,,
a7ca1454-5254-4430-9feb-2ae98bb95c8f,chive.cheap,available,8.99,36.49,high,low,5,namesilo,,,18/09/2026 11:28
4e8e94fa-f86e-4215-bcd0-0ca2566e2582,lucrative.cheap,available,8.99,36.49,high,low,9,namesilo,,,25/09/2026 15:34
1d91a2ec-27eb-4df5-9f85-f496d52a9131,rye.cheap,available,8.99,36.49,medium,low,3,namesilo,,,28/09/2026 15:17
29d675be-81b2-4d18-b495-11c03f8206b7,naming.cheap,available,28.2,28.2,high,low,6,cloudflare,,,28/09/2026 08:38
f9fe5462-ade5-4cf7-b967-ac894edc4855,forehead.cheap,available,5.38,29.18,high,low,8,spaceship,,,29/09/2026 04:37
61cd378b-08b8-4c63-a351-4dfb381a082c,adiposity.cheap,available,8.99,36.49,medium,low,9,namesilo,,,17/09/2026 08:19
8c76889f-1528-4c64-ba15-2a4755471145,stylish.cheap,available,8.99,36.49,high,low,7,namesilo,,,24/09/2026 17:15
6d7c0984-0c4c-496d-843f-666c210a88ed,quintuple.cheap,available,5.98,49.98,medium,low,9,namecheap,,,18/08/2026 05:54
6b5643bf-49be-4b50-8ab9-a3310b666938,bessel.cheap,available,8.99,36.49,medium,low,6,namesilo,,,23/09/2026 10:26
b6e9e0bd-8d2b-4f37-b583-c0a8bcaac9c7,algol.cheap,available,8.99,36.49,medium,low,5,namesilo,,,18/09/2026 07:05
abd19457-a282-4e7b-a5dc-a01c85e98443,antitrust.cheap,available,5.98,49.98,medium,low,9,namecheap,,,
2686eb23-1607-412e-8760-0a6a5fd57446,inspect.cheap,available,5.98,49.98,high,low,7,namecheap,,,21/09/2026 03:08
48c3a58d-3836-4a5d-a2a0-162cc9719f72,admirable.cheap,available,5.98,49.98,high,low,9,namecheap,,,21/09/2026 18:46
484050f4-420a-45c3-8189-66623fa68af2,consortium.cheap,available,8.99,36.49,high,low,10,namesilo,,,24/09/2026 17:29
ab3a4cea-ad51-47fa-a530-02a12477c024,disruptive.cheap,available,5.98,49.98,medium,low,10,namecheap,,,28/09/2026 07:50
91ecf7e7-19f1-43fa-bbc9-c3c66fab815c,corruption.cheap,available,8.99,36.49,medium,low,10,namesilo,,,29/09/2026 11:41
e0101b54-b425-456a-9590-3fa3a648b18a,dairy.cheap,available,8.5,36.49,high,low,5,unstoppable,,,28/09/2026 22:44
5dc6ab57-9dd7-4fec-abd0-c3229d993a6b,bakehouse.cheap,available,5.98,49.98,high,low,9,namecheap,,,21/09/2026 20:13
820183e7-c843-4788-b36c-1f29b65356fb,worldly.cheap,available,5.98,49.98,high,low,7,namecheap,,,10/08/2026 13:20
f614509f-fefa-45e4-957f-86d9ae81008b,molal.cheap,available,5.98,49.98,medium,low,5,namecheap,,,25/08/2026 03:31
0a0c6442-a017-448b-b59f-f69c68df2b1d,farther.cheap,available,5.98,49.98,high,low,7,namecheap,,,24/09/2026 17:01
cce0d27a-d961-42db-a4d7-f171bbd7af93,zealously.cheap,available,8.99,36.49,medium,low,9,namesilo,,,16/09/2026 11:50
2c21f7c8-1ab7-407f-b296-8db5cd495d61,snowball.cheap,available,8.99,36.49,high,low,8,namesilo,,,16/09/2026 17:20
6c569479-c082-41fa-a67f-5f3320e2678a,dressed.cheap,available,8.99,36.49,high,low,7,namesilo,,,22/09/2026 07:16
b3b01947-73b2-44fb-b55c-22bdf2cbf977,losers.cheap,available,8.99,36.49,medium,low,6,namesilo,,,28/09/2026 04:59
0c957672-34da-4c30-84b9-cb4aea63dd3c,custodian.cheap,available,5.38,29.18,high,low,9,spaceship,,,30/09/2026 16:52
86f5bd3a-75dc-4e9d-93cd-2cd759510acd,tenured.cheap,available,5.98,49.98,high,low,7,namecheap,,,11/09/2026 11:43
de1d3f15-b568-4bc8-83be-491ef7662b18,affront.cheap,available,8.99,36.49,medium,low,7,namesilo,,,17/09/2026 14:54
4166f92e-ac3f-458a-b907-a31963922747,epochs.cheap,available,8.99,36.49,low,low,6,namesilo,,,30/09/2026 15:49
eaccbccd-9812-4dfa-8015-0288b0c30b3a,francs.cheap,available,5.38,29.18,low,low,6,spaceship,,,28/09/2026 13:09
70a6a592-6c74-4565-8a23-e96a968870ae,customary.cheap,available,5.98,49.98,high,low,9,namecheap,,,13/08/2026 12:29
39697473-f2c6-4907-95d0-a451aaac31b3,henrietta.cheap,available,8.99,36.49,high,low,9,namesilo,,,25/09/2026 17:42
1aab7bf0-8513-422d-8d9f-2b79deeea0f6,tumbleweed.cheap,available,8.99,36.49,high,low,10,namesilo,,,18/09/2026 15:52
47e2f67b-310e-4fbd-98ae-fb541ba8ea04,campaigning.cheap,available,9.99,,high,low,11,name.com,,,
34f99e22-da1a-4359-891c-c72fbe84fece,tattletale.cheap,available,5.98,49.98,medium,low,10,namecheap,,,11/09/2026 10:28
1b6fe074-4d59-43a5-9246-bc8a1b9f34f3,essayer.cheap,available,8.99,36.49,medium,low,7,namesilo,,,21/09/2026 01:22
5cd4a236-cde3-4574-b393-178e7ff61854,polyphonic.cheap,available,5.98,49.98,medium,low,10,namecheap,,,08/09/2026 23:27
c61f2d0c-d325-4852-beb5-58cf693c38e9,greyed.cheap,available,5.98,49.98,medium,low,6,namecheap,,,20/08/2026 20:04
29ae6b85-154f-48af-8b43-8c2cdfa71525,spielberg.cheap,available,5.38,29.18,high,low,9,spaceship,,,29/09/2026 13:59
43f05f83-4b57-4a47-a4ed-769c848d1220,subverter.cheap,available,5.98,49.98,medium,low,9,namecheap,,,09/09/2026 16:25
5c3afcaf-19c0-42db-9ef6-1c89f85ee331,supposed.cheap,available,5.98,49.98,high,low,8,namecheap,,,23/09/2026 20:34
e15057b9-c59b-4954-a68a-589c38b0aee6,nutrify.cheap,available,8.99,36.49,medium,low,7,namesilo,,,18/09/2026 07:57
8891d833-b6d8-4581-836e-cb89609b814f,primeval.cheap,available,5.98,49.98,high,low,8,namecheap,,,09/09/2026 02:02
886b06f1-c5f3-465c-b097-6ceea0f16819,researched.cheap,available,5.38,29.18,medium,low,10,spaceship,,,01/10/2026 00:58
632ab344-60ec-424e-b132-61f27592c813,examiner.cheap,available,8.5,,medium,low,8,unstoppable,,,28/09/2026 14:05
e7c11462-d370-4ec7-adbc-412ab571ab46,noor.cheap,available,5.38,29.18,high,low,4,spaceship,,,30/09/2026 13:36
70d3c73b-0d73-4dc0-a264-fc5c8b1e4ab0,boehm.cheap,available,8.99,36.49,high,low,5,namesilo,,,23/09/2026 03:39
25d64b8e-2f06-478a-932b-4c913e771692,coefficient.cheap,available,8.5,,high,low,11,unstoppable,,,30/09/2026 23:49
00f31ea3-fcbe-40a1-942d-3611318eba1a,shipments.cheap,available,8.5,,medium,low,9,unstoppable,,,01/10/2026 00:42
9aaa021e-0c1f-423b-99d0-89de3cbca256,alertness.cheap,available,8.99,36.49,high,low,9,namesilo,,,18/09/2026 05:27
2b2ee027-40c1-4757-b734-17150f09c5f1,managers.cheap,available,8.99,36.49,medium,low,8,namesilo,,,20/09/2026 10:01
55d51e56-d3d7-4fc9-8a07-3cd4d6401951,pathologist.cheap,available,5.38,29.18,high,low,11,spaceship,,,30/09/2026 19:46
7b9848ec-41c5-40c4-8171-2f77eb971fdf,grenadian.cheap,available,5.98,49.98,high,low,9,namecheap,,,20/08/2026 20:00
52fbb70c-de9d-4ac7-b2cb-ad7dbe588bea,unblushing.cheap,available,5.98,49.98,medium,low,10,namecheap,,,10/09/2026 05:55
4a1fafba-afab-4750-b22e-272d0e7d0654,fined.cheap,available,28.2,28.2,medium,low,5,cloudflare,,,30/09/2026 15:19
2551b7b8-cc3f-43f3-8e7f-12940080901a,airy.cheap,available,5.98,49.98,high,low,4,namecheap,,,
cf9d2202-09af-48a2-9431-d517627bdac5,changeless.cheap,available,5.98,49.98,medium,low,10,namecheap,,,12/08/2026 01:58
ef3251ae-db37-4632-b128-89432eebebb0,esther.cheap,available,5.98,49.98,high,low,6,namecheap,,,24/09/2026 06:50
59394516-1083-4569-a282-7afd615bf71a,semester.cheap,available,8.99,36.49,high,low,8,namesilo,,,28/09/2026 06:43
2e81f625-aa52-485f-8bd6-d49af20bf3aa,percussive.cheap,available,5.98,49.98,high,low,10,namecheap,,,08/09/2026 16:22
2509418b-f338-496a-8a49-6c54b6565f4d,bleeder.cheap,available,8.99,36.49,medium,low,7,namesilo,,,24/09/2026 05:24
ebb627f4-5c9b-469b-a322-95f75e054bad,masturbation.cheap,available,28.2,28.2,medium,low,12,cloudflare,,,30/09/2026 14:21
5c261616-5bff-490c-8469-42ac18a97555,banksia.cheap,available,8.99,36.49,high,low,7,namesilo,,,22/09/2026 02:53
a6931858-8c1c-4543-b370-ed8aae29efe0,stepwise.cheap,available,5.98,49.98,high,low,8,namecheap,,,10/08/2026 07:12
8513bbad-2be8-4c66-8bd6-fa4962075fae,males.cheap,available,5.98,49.98,medium,low,5,namecheap,,,18/09/2026 00:29
6227a241-e512-4e2a-b8c9-1aa388a5e104,gleaming.cheap,available,5.98,49.98,high,low,8,namecheap,,,
021918f4-9e1e-4271-865e-12d901cc0d56,lxxxii.cheap,available,5.98,49.98,medium,low,6,namecheap,,,
d01fd3d4-1c1f-418e-8f25-dae8cf27a15d,balanced.cheap,available,5.38,29.18,high,low,8,spaceship,,,29/09/2026 16:30
35ebec86-3d24-4df0-908e-b4a57f7c8d42,grounding.cheap,available,8.99,36.49,high,low,9,namesilo,,,30/09/2026 17:05
3bbf09f5-a100-436c-ba5e-e1462dc7080b,limply.cheap,available,5.98,49.98,medium,low,6,namecheap,,,15/09/2026 12:20
708b42f4-deb5-46a0-865a-178b092a6160,disordered.cheap,available,5.98,49.98,medium,low,10,namecheap,,,14/08/2026 11:18
233ae8aa-a4fe-4ea3-8eee-d4687d5a022f,hush.cheap,available,5.98,49.98,high,low,4,namecheap,,,09/09/2026 08:50
df616390-794d-4b86-95cd-25fb18e14fe4,polio.cheap,available,8.99,36.49,medium,low,5,namesilo,,,17/09/2026 05:40
b9d217a4-7b33-49e3-80e3-f6b67730c651,boulogne.cheap,available,8.5,,medium,low,8,unstoppable,,,29/09/2026 09:58
44d56e4c-7403-472c-ac0a-7bc6cb10c4f8,beryl.cheap,available,8.99,36.49,medium,low,5,namesilo,,,23/09/2026 10:23
54238ea6-9764-469e-8a7e-ce37ce1e6fb6,fatally.cheap,available,5.98,49.98,medium,low,7,namecheap,,,14/09/2026 17:51
01781958-bd7d-4686-854b-9cdc74200bb0,echoic.cheap,available,5.98,49.98,medium,low,6,namecheap,,,14/08/2026 23:34
fa066575-aa91-4978-94bd-5b427be0fe41,colleges.cheap,available,5.38,29.18,medium,low,8,spaceship,,,29/09/2026 05:34
8560c8ea-6b37-4f51-abf0-f222cfb6c566,stanton.cheap,available,5.98,49.98,high,low,7,namecheap,,,25/09/2026 05:30
f68f78ca-c79d-46ce-bb03-c6c429d7282f,indelible.cheap,available,5.98,49.98,high,low,9,namecheap,,,22/08/2026 02:37
e18a7cd3-09a5-44a7-8a74-d310fb6a2d87,turnabout.cheap,available,9.99,,medium,low,10,name.com,,,
4d4e751d-c10f-4695-ab1a-63a44c0ce6d7,derivative.cheap,available,5.98,49.98,high,low,10,namecheap,,,14/08/2026 03:01
92c60848-7ffa-42aa-9b46-c7eee9fcc58a,cleft.cheap,available,5.98,49.98,high,low,5,namecheap,,,12/08/2026 10:39
fe2f7ce3-0d75-4078-8667-5f8947512ea7,jilted.cheap,available,5.98,49.98,medium,low,6,namecheap,,,22/08/2026 13:23
58879b04-9666-4b70-9c25-0266edbff156,gad.cheap,available,5.98,49.98,medium,low,3,namecheap,,,19/09/2026 15:59
203edfac-7cd5-401d-ba92-a5f3d4e0178d,inhabit.cheap,available,5.98,49.98,high,low,7,namecheap,,,24/08/2026 07:51
688d10ba-04b2-40e8-862b-5711406596f9,humanities.cheap,available,8.5,,high,low,10,unstoppable,,,28/09/2026 22:20
b0e917e7-d9f9-4c7e-bb91-95e77a4b0e52,amateurs.cheap,available,5.38,29.18,medium,low,8,spaceship,,,29/09/2026 00:10
b5818572-bb67-46b0-ab43-dc6b965d5211,absorb.cheap,available,5.98,49.98,high,low,6,namecheap,,,10/09/2026 19:56
3b314fc3-65c6-4348-bb5d-23ff2073e8f8,dreyfus.cheap,available,5.98,49.98,medium,low,7,namecheap,,,18/09/2026 06:30
37d6f5d8-3a1e-434b-a277-271c1cad16f3,mode.cheap,available,5.38,29.18,high,low,4,spaceship,,,28/09/2026 16:43
a17c42d3-a0a0-46e1-899e-4f2d1562b4ab,cancerous.cheap,available,5.98,49.98,medium,low,9,namecheap,,,11/08/2026 16:33
050fc6d8-c8e1-4a3c-8374-3d57d7b89037,implied.cheap,available,8.99,36.49,high,low,7,namesilo,,,30/09/2026 22:53
75b976d9-3020-4f69-8fe5-85681b1a145b,biochip.cheap,available,5.98,49.98,high,low,7,namecheap,,,23/09/2026 17:46
0a94bc79-77f6-4b4a-9d1b-f5f43ebb9082,rok.cheap,available,5.57,30.18,high,low,3,dynadot,,,29/09/2026 08:31
9fb9b526-5bad-42ba-92a5-f6aa3214420a,songful.cheap,available,5.98,49.98,medium,low,7,namecheap,,,11/08/2026 17:36
a4c7c948-8cd8-49a1-b1c6-2c58b6ee635e,acardia.cheap,available,5.98,49.98,medium,low,7,namecheap,,,16/09/2026 21:17
b67cb709-f320-4c0c-bcfa-223515b88449,npc.cheap,available,8.99,36.49,high,medium,3,namesilo,,,29/09/2026 13:34
45e99a97-dabe-4edb-932d-bc807f047b14,rudolph.cheap,available,8.99,36.49,high,low,7,namesilo,,,25/09/2026 14:11
c5fe4170-0511-4a26-8128-39de7c65854e,mixable.cheap,available,5.98,49.98,medium,low,7,namecheap,,,25/08/2026 01:25
4632c38e-e75d-4133-b119-e89b2ea0b969,requirements.cheap,available,5.98,49.98,medium,low,12,namecheap,,,17/09/2026 10:26
878254d0-b137-4487-817f-461a53b73845,pickles.cheap,available,8.99,36.49,medium,low,7,namesilo,,,30/09/2026 12:43
c22a42de-d886-49f6-af5e-e4f6d51bc693,theory.cheap,available,8.5,36.49,high,low,6,unstoppable,,,28/09/2026 12:34
63404837-f8e6-4769-84d3-9005e007eb4b,zoological.cheap,available,5.98,49.98,high,low,10,namecheap,,,13/09/2026 15:33
be46cc79-d9f5-4804-ac54-08f185301e0a,deviance.cheap,available,5.98,49.98,medium,low,8,namecheap,,,16/09/2026 15:16
aaf67890-f4bd-4af9-9f07-b41d06d0e6a1,unpaired.cheap,available,5.98,49.98,medium,low,8,namecheap,,,12/09/2026 15:30
79d45527-0eee-43c2-b526-448968e84392,undergo.cheap,available,8.99,36.49,high,low,7,namesilo,,,30/09/2026 03:15
cac59570-6274-464c-9f65-7bba451455f7,rummy.cheap,available,5.98,49.98,high,low,5,namecheap,,,13/08/2026 11:16
86b64db9-0707-456b-87cd-59f1bf1f11db,luton.cheap,available,8.5,,high,low,5,unstoppable,,,29/09/2026 21:25
7e06f2a1-eb6d-483b-be6f-74cdd68930a8,vales.cheap,available,8.99,36.49,medium,low,5,namesilo,,,21/09/2026 02:12
a5412fec-8765-4b6f-b46a-f69222e0128b,subdue.cheap,available,5.98,49.98,high,low,6,namecheap,,,11/09/2026 07:44
47299f37-6560-405d-960e-3a82060c3463,comrade.cheap,available,5.66,29.35,high,low,7,porkbun,,,28/09/2026 13:44
b36dddde-d459-43c7-9992-59573aca3b2c,levodopa.cheap,available,5.98,49.98,high,low,8,namecheap,,,23/09/2026 07:46
8affbee0-9940-4015-843b-ddb3b7e39b92,keegan.cheap,available,28.2,28.2,medium,low,6,cloudflare,,,30/09/2026 00:49
4b345141-2af0-4cc0-8e33-be81dfa93067,kettering.cheap,available,5.66,29.35,medium,low,9,porkbun,,,29/09/2026 06:20
15ed2922-b62d-40d1-ba6f-8eabdbbc80e8,bailee.cheap,available,5.98,49.98,medium,low,6,namecheap,,,21/09/2026 19:04
14ecce15-36bd-4f9a-8812-312bae67b882,doubted.cheap,available,5.66,29.35,low,low,7,porkbun,,,29/09/2026 16:14
82dae962-6160-42dc-b210-80754c4b9203,dragons.cheap,available,28.2,28.2,medium,low,7,cloudflare,,,28/09/2026 12:57
06080a2d-d86f-4d7d-9947-4092f4a07893,reputedly.cheap,available,5.98,49.98,medium,low,9,namecheap,,,15/09/2026 23:20
6e3b45e7-852a-4461-ae37-e1e2f8a2eb8b,anita.cheap,available,8.99,36.49,high,low,5,namesilo,,,25/09/2026 15:32
86247436-f266-45c8-ac96-d1eade177e31,ouse.cheap,available,8.99,36.49,medium,low,4,namesilo,,,01/10/2026 03:10
3ac6e6ab-47d3-47ac-b0ff-801ddcd76e16,strife.cheap,available,5.98,49.98,high,low,6,namecheap,,,24/09/2026 22:33
68d63bba-4d4a-4a71-a9fc-410c51617712,mich.cheap,available,5.38,29.18,high,low,4,spaceship,,,29/09/2026 14:29
11ede103-117d-48f7-9fb9-5fb6feab02f8,chopping.cheap,available,8.99,36.49,high,low,8,namesilo,,,30/09/2026 12:16
e751157d-8cc6-4a23-a7ad-d5a3025fe493,enrollments.cheap,available,8.99,36.49,medium,low,11,namesilo,,,30/09/2026 16:24
b0ca761f-6ff8-4927-bc30-17924cd4fcdf,fingerprint.cheap,available,5.38,29.18,high,low,11,spaceship,,,29/09/2026 08:29
b6595be2-650f-4200-b301-d95b72bf7bbd,ruffled.cheap,available,5.98,49.98,medium,low,7,namecheap,,,18/08/2026 15:53
7b79ef6c-7604-4588-b46c-5ce213791c8d,operas.cheap,available,8.5,,medium,low,6,unstoppable,,,30/09/2026 15:50
f01459f2-2b0f-4c57-a61a-76a051f01557,coleman.cheap,available,8.99,36.49,high,low,7,namesilo,,,25/09/2026 15:48
42e7a0aa-ac87-42da-9c0c-7e4649ddb4c5,aquino.cheap,available,8.99,36.49,medium,low,6,namesilo,,,28/09/2026 22:09
f1fdfa46-a606-4ee3-a4a8-d03e2f44fb16,frighten.cheap,available,8.99,36.49,medium,low,8,namesilo,,,17/09/2026 14:50
0f879417-8530-4860-97cd-f0dff4b9162d,candidly.cheap,available,5.98,49.98,high,low,8,namecheap,,,14/09/2026 05:06
9bdcf3ed-dd0c-4f1e-b72d-26473bde959d,firepower.cheap,available,8.5,,high,low,9,unstoppable,,,01/10/2026 02:09
fcf6e679-e558-44a2-9ca0-3e6ae0933cea,altitude.cheap,available,8.99,36.49,high,low,8,namesilo,,,18/09/2026 14:29
5f38f445-06a3-4377-8b6b-fdee3883c221,street.cheap,available,8.99,36.49,high,low,6,namesilo,,,30/09/2026 12:12
91c3ad34-32e2-4040-8675-fc1c0ae3a193,riotous.cheap,available,9.99,46.99,medium,low,7,name.com,,,13/08/2026 20:26
4c33e053-77d0-4981-94c7-5ed3e57744e0,amounts.cheap,available,5.38,29.18,medium,low,7,spaceship,,,28/09/2026 18:09
2a026c96-8250-49e4-994b-34ceada973ac,ethnologic.cheap,available,5.98,49.98,medium,low,10,namecheap,,,17/08/2026 13:51
db39fbc1-ab6a-4bc6-83f9-0b0a008662f7,jungle.cheap,available,8.99,36.49,high,low,6,namesilo,,,25/09/2026 07:25
4f296bf3-8f4d-4ee3-bdbf-da4e7578c7c9,abstruse.cheap,available,5.98,49.98,medium,low,8,namecheap,,,
771879b8-c5e9-496b-9a78-4f985df144de,anomy.cheap,available,8.99,36.49,medium,low,5,namesilo,,,19/09/2026 11:32
981a47d9-a3fb-4a04-8aba-fc9839f5f911,feathery.cheap,available,5.98,49.98,high,low,8,namecheap,,,18/08/2026 00:18
b21240cd-34e4-45cc-aedc-86e0833a6ff4,meshed.cheap,available,5.98,49.98,medium,low,6,namecheap,,,24/08/2026 20:57
92ddcc25-6feb-493b-8d01-cb9dd3d46d07,pealing.cheap,available,8.99,36.49,medium,low,7,namesilo,,,19/09/2026 11:12
54eb25f5-0875-4d31-9d52-8a98dde7d713,screams.cheap,available,8.99,36.49,medium,low,7,namesilo,,,28/09/2026 00:29
8f7ff812-324a-4b22-9a09-74d837049f69,bodyguard.cheap,available,8.99,36.49,high,low,9,namesilo,,,24/09/2026 06:33
08eb8fea-2e28-4f96-9713-ab8e179b9f06,ernie.cheap,available,8.99,36.49,high,low,5,namesilo,,,27/09/2026 07:15
51c34634-5767-49f0-b73e-1ea60e1c70a0,flee.cheap,available,5.66,29.35,high,low,4,porkbun,,,30/09/2026 19:54
9bdc3775-f75a-41ce-bf0e-3744c660f7c7,nowhere.cheap,available,8.99,36.49,high,low,7,namesilo,,,28/09/2026 16:28
1ea873b0-e517-4a36-bd16-f2569db2a89f,formidable.cheap,available,5.98,49.98,high,low,10,namecheap,,,18/08/2026 12:12
806b8f1a-b825-4c49-a048-2d6fc0737bab,atrium.cheap,available,8.99,36.49,high,low,6,namesilo,,,21/09/2026 00:47
cce0700a-af78-47c2-bd04-baa6f2839544,donkey.cheap,available,5.38,29.18,high,low,6,spaceship,,,29/09/2026 16:28
4c771897-8c40-4508-abe1-19fe7fad8e9c,retreated.cheap,available,28.2,28.2,high,low,9,cloudflare,,,30/09/2026 02:43
9d23d32f-e253-4fdc-a14d-d61e3512f4e5,canty.cheap,available,5.98,49.98,medium,low,5,namecheap,,,11/08/2026 17:46
f8e0de2c-cef7-4d50-901e-112fb0925052,squealed.cheap,available,8.99,36.49,low,low,8,namesilo,,,20/09/2026 17:30
c42f510e-05f4-4bf3-8992-9b5d969c2d9c,amplifiers.cheap,available,8.99,36.49,medium,low,10,namesilo,,,17/09/2026 07:12
6c9907c1-7e9e-4e4f-81ed-99ed352a6034,urals.cheap,available,5.57,30.18,medium,low,5,dynadot,,,30/09/2026 19:04
dc1eba99-ff8b-4453-b628-498b4beaa598,assessed.cheap,available,8.5,,medium,low,8,unstoppable,,,01/10/2026 00:03
9170ae78-2dab-4cf0-8ab5-d22289dce674,abbatial.cheap,available,5.98,49.98,medium,low,8,namecheap,,,
6f360f8d-27f6-4943-994d-f010a258e6ec,troop.cheap,available,8.99,36.49,high,low,5,namesilo,,,28/09/2026 02:58
0b4c87ba-3de0-45f0-82ee-876a1995dfed,unconditional.cheap,available,8.99,36.49,high,low,13,namesilo,,,30/09/2026 03:39
4ffa7d24-5957-464b-8ac7-62925583645d,rationalism.cheap,available,5.66,29.35,high,low,11,porkbun,,,30/09/2026 05:54
74e312c1-e74d-4b5a-9d17-f680becbf448,nonzero.cheap,available,5.98,49.98,high,low,8,namecheap,,,03/09/2026 18:39
f68c9e7d-99e8-4e9e-ae9f-1f6d9ed622c4,operations.cheap,available,8.5,36.49,high,low,10,unstoppable,,,28/09/2026 08:17
817b90b5-2c59-4125-9bde-118e29ae5da9,sheriff.cheap,available,8.99,36.49,high,low,7,namesilo,,,27/09/2026 15:50
f68205f3-e32b-411c-8c3d-0fb30f8bed12,weapons.cheap,available,8.99,36.49,medium,low,7,namesilo,,,25/09/2026 17:10
58474f7e-be17-492f-95a5-9d1db30c48de,reviving.cheap,available,5.98,49.98,high,low,8,namecheap,,,09/09/2026 14:08
cd6ec9da-eee2-4c85-b7f2-efaeed31d9ef,xvi.cheap,available,8.99,36.49,medium,low,3,namesilo,,,21/09/2026 11:49
c6c49a3d-2461-4bd6-8c45-aa1c6943e434,petallike.cheap,available,5.98,49.98,medium,low,9,namecheap,,,08/09/2026 18:13
467f43e2-248d-4e6b-9272-bec9449ff6d0,inheriting.cheap,available,5.98,49.98,medium,low,10,namecheap,,,22/08/2026 05:04
8255ff50-ee74-4ff8-a906-63415aff23f9,amanita.cheap,available,5.98,49.98,medium,low,7,namecheap,,,18/09/2026 15:43
a7343a9c-a576-403d-92fa-4b40c9412b8d,checked.cheap,available,5.98,49.98,high,low,7,namecheap,,,12/08/2026 03:36
064dbf8f-af11-4209-93d2-aeace92c24da,pre.cheap,available,9.99,,high,low,3,name.com,,,
d95bfa7f-97b8-42ef-9952-3042c6b5c35e,angular.cheap,available,8.99,36.49,high,low,7,namesilo,,,22/09/2026 04:30
445e1c08-99e7-4083-bd24-781a8486013c,biometrics.cheap,available,5.98,49.98,high,low,10,namecheap,,,23/09/2026 18:33
3c603f28-47f6-428b-ad41-5fbb430fc392,rushes.cheap,available,8.99,36.49,high,low,6,namesilo,,,30/09/2026 06:26
0a7b21f1-0932-44e3-9525-07a5f4783e7a,intramural.cheap,available,5.98,49.98,high,low,10,namecheap,,,22/08/2026 08:43
5d237909-55e9-42fa-b685-4e85009a8a68,akhbari.cheap,available,8.99,36.49,medium,low,7,namesilo,,,17/09/2026 23:56
4f84d230-75f7-4daf-bd6e-78e5c3ab7e11,bruising.cheap,available,5.98,49.98,medium,low,8,namecheap,,,11/08/2026 06:34
63f97837-11f5-46dd-8838-913e8612b601,physiology.cheap,available,5.38,29.18,high,low,10,spaceship,,,29/09/2026 19:59
f1899140-7b82-4404-80af-0eef20f655fa,xli.cheap,available,5.98,49.98,medium,low,3,namecheap,,,
1578ae80-c89b-4519-8b38-dbb7e9848293,onside.cheap,available,5.98,49.98,medium,low,6,namecheap,,,04/09/2026 15:17
31981020-4365-489a-b9f2-d42dce0ddbca,parochial.cheap,available,5.98,49.98,high,low,9,namecheap,,,08/09/2026 01:46
9b83d8ca-6d27-4f2c-8bcd-f36d3b9bbaec,soused.cheap,available,5.98,49.98,low,low,6,namecheap,,,09/08/2026 16:07
c1799fc8-f627-4400-814f-50c569b5c2cd,abandoned.cheap,available,5.98,49.98,high,low,9,namecheap,,,21/09/2026 13:36
c2c8a1a6-0140-44f9-a777-dcb68e14f8fa,autotroph.cheap,available,5.98,49.98,medium,low,9,namecheap,,,21/09/2026 07:36
3a8e196f-1294-4df2-9f9d-14505a48d3bd,monument.cheap,available,8.99,36.49,high,low,8,namesilo,,,28/09/2026 14:54
7c8735d8-e338-4211-9c80-770ee3b6e6ae,attend.cheap,available,5.38,29.18,high,low,6,spaceship,,,28/09/2026 19:00
7191f5f0-e41a-41ce-9fec-82dfd0a5dd80,intelligent.cheap,available,5.38,29.18,high,low,11,spaceship,,,30/09/2026 23:27
a80b9aee-29ea-4282-8600-ace72ee5a0cc,favourable.cheap,available,8.99,36.49,high,low,10,namesilo,,,24/09/2026 17:24
8adb411b-bef4-48dc-9a25-ae5779e64218,difference.cheap,available,8.99,36.49,high,low,10,namesilo,,,29/09/2026 14:33
33b1afd8-04b0-4a70-8d5a-33f4dd05144e,alecost.cheap,available,8.99,36.49,medium,low,7,namesilo,,,18/09/2026 04:46
89c73632-de6d-4a38-86b0-ce2ebfa57e54,adversity.cheap,available,8.99,36.49,high,low,9,namesilo,,,17/09/2026 10:54
fb481205-48b0-4f69-83be-c1b995b1b112,frog.cheap,available,5.98,49.98,high,low,4,namecheap,,,05/08/2026 21:03
f9a81800-fd74-4921-90fb-416b1a688931,biochemical.cheap,available,8.5,,high,low,11,unstoppable,,,30/09/2026 11:40
22e4de3b-254f-4ce3-af57-64ff2484efa6,hui.cheap,available,8.99,36.49,high,low,3,namesilo,,,27/09/2026 07:46
c4164066-7184-4841-b94f-5209cb5e6127,hal.cheap,available,8.99,36.49,high,low,3,namesilo,,,25/09/2026 12:39
437040c4-9c66-46bb-8d65-e4450a0cd9d2,adult.cheap,available,5.98,49.98,high,low,5,namecheap,,,21/09/2026 19:57
7d7a1a86-81fb-47e3-865b-78979547f824,trifid.cheap,available,5.98,49.98,medium,low,6,namecheap,,,11/09/2026 19:33
d29c8b1e-6161-473a-b725-7e0754ce286b,shitlist.cheap,available,8.99,36.49,medium,low,8,namesilo,,,24/09/2026 00:19
b7753832-d15e-4d94-8126-c97094e45a9a,sunshine.cheap,available,8.99,36.49,high,low,8,namesilo,,,27/09/2026 02:06
779e01c4-1470-4f3c-914f-54ba2c57bb24,closure.cheap,available,8.99,36.49,high,low,7,namesilo,,,24/09/2026 15:56
798a8e78-c702-4468-b672-6472a276a3cd,allegro.cheap,available,8.99,36.49,high,low,7,namesilo,,,22/09/2026 01:21
41f7ca44-83c8-4b5e-986d-4af2134f19aa,avondale.cheap,available,8.99,36.49,medium,low,8,namesilo,,,30/09/2026 21:47
5f658fb0-a132-4d7d-90f5-453a7921e4de,hitherto.cheap,available,5.98,49.98,medium,low,8,namecheap,,,13/09/2026 21:48
3e1a18d0-c82a-496f-9829-5820b4d3a7c3,yuck.cheap,available,8.5,,high,low,4,unstoppable,,,01/10/2026 01:02
5d34ea7d-6929-4990-afa4-e4deac813513,uppermost.cheap,available,5.98,49.98,medium,low,9,namecheap,,,11/09/2026 17:48
6a960876-e280-4424-8584-f37169d14f43,defeats.cheap,available,28.2,28.2,low,low,7,cloudflare,,,30/09/2026 15:35
4334d2c8-0d9f-49e8-b21f-f2def1568b62,puke.cheap,available,5.98,49.98,medium,low,4,namecheap,,,11/08/2026 09:18
e3f78ba3-85b0-4d49-acfd-eed59521802c,digit.cheap,available,8.99,36.49,high,low,5,namesilo,,,01/10/2026 01:45
f5932663-e35d-4620-b395-af3afbf29992,alecto.cheap,available,8.99,36.49,medium,low,6,namesilo,,,18/09/2026 04:50
7ec1c2ba-5de2-4d93-ae4a-c84708026d4f,soiled.cheap,available,5.98,49.98,medium,low,6,namecheap,,,14/08/2026 09:10
7604e806-097c-4498-ac3c-801b96083fa4,sonoma.cheap,premium,102.67,102.67,high,low,6,spaceship,,,27/09/2026 20:23
6aeecf65-db62-4678-a007-7441ccef2bcc,ordinal.cheap,available,5.98,49.98,high,low,7,namecheap,,,04/09/2026 17:44
a668f039-381a-410c-8c3d-0d7fd15bc046,spots.cheap,available,8.99,36.49,high,low,5,namesilo,,,27/09/2026 04:00
87608f4a-cdb3-4994-9465-0044a5c7d3e5,shouter.cheap,available,8.99,36.49,medium,low,7,namesilo,,,22/09/2026 17:05
d265e4d9-bcfe-4a26-ac08-75e32e07d258,ink.cheap,premium,118.8,118.8,high,medium,3,namesilo,,,30/09/2026 00:11
40ff29fe-77f4-4447-8f60-a5cb1e11ae4f,anasazi.cheap,available,8.99,36.49,medium,low,7,namesilo,,,19/09/2026 03:16
b572721c-cb97-466e-b96a-bcc261a0ba41,disabling.cheap,available,5.98,49.98,medium,low,9,namecheap,,,13/08/2026 07:09
ed44c968-d5b0-444e-a46d-3cd7f4da9af3,concern.cheap,available,8.99,36.49,high,low,7,namesilo,,,29/09/2026 05:30
924d048b-313f-47e4-92cc-9c8fdc7aef80,bollywood.cheap,available,8.99,36.49,high,low,9,namesilo,,,30/09/2026 08:37
e637e999-dbc4-4e49-866e-f8dfe1f0a6b7,aramean.cheap,available,5.98,49.98,medium,low,7,namecheap,,,06/08/2026 12:02
6b12ac67-e953-44cb-8692-c6796d74cddc,knowledge.cheap,available,5.38,29.18,high,low,9,spaceship,,,30/09/2026 17:30
f70458c7-4314-4d17-b387-02494b152603,formic.cheap,available,5.98,49.98,medium,low,6,namecheap,,,18/08/2026 12:11
2cbb6a7e-d726-4427-a611-85b8cfaec80b,snugly.cheap,available,5.98,49.98,medium,low,6,namecheap,,,16/09/2026 03:31
d59a5fc0-0e23-4ff8-89cb-3defa2b61c35,nimbly.cheap,available,5.98,49.98,medium,low,6,namecheap,,,13/09/2026 18:18
4b6b22f8-5af7-473e-a61c-0efed0c5caa2,herbert.cheap,available,5.66,29.35,high,low,7,porkbun,,,28/09/2026 10:02
8471053e-0054-4589-99b6-cde17fa193c3,jazzy.cheap,available,5.98,49.98,high,low,5,namecheap,,,22/08/2026 12:35
82a4b818-cf9e-43b1-8d11-dc71df81fd32,camille.cheap,available,8.99,36.49,high,low,7,namesilo,,,27/09/2026 07:42
27931fd5-46bc-42c0-a089-d129b08f9fdc,annette.cheap,available,5.38,29.18,medium,low,7,spaceship,,,28/09/2026 04:47
4339be93-0428-4cdd-8ebb-2a22f29f14f3,maltese.cheap,available,5.98,49.98,high,low,7,namecheap,,,24/08/2026 14:15
855a8a7c-0761-4577-a502-86768cecc04b,northampton.cheap,available,8.99,36.49,medium,low,11,namesilo,,,25/09/2026 14:57
4bbfe9aa-5e1f-4ea3-8f55-02498e429a1f,categorically.cheap,available,9.99,,medium,low,13,name.com,,,
8dae3cc5-39ef-4487-b041-2a78c317951c,unsexy.cheap,available,5.98,49.98,medium,low,6,namecheap,,,12/09/2026 19:23
701f0fd0-9615-4c78-8d3c-a84fdb67a263,kane.cheap,available,8.99,36.49,high,low,4,namesilo,,,27/09/2026 07:59
ccfd7bfc-9700-49e0-9f91-2397b84665de,upton.cheap,available,8.99,36.49,medium,low,5,namesilo,,,27/09/2026 11:29
514f1718-37a4-444f-acfd-a8411fcecc4b,deng.cheap,available,9.99,46.99,high,low,4,name.com,,,27/09/2026 20:32
5b554126-a28e-4f08-8384-e261fc1f0c8d,paranoiac.cheap,available,5.98,49.98,medium,low,9,namecheap,,,08/09/2026 01:08
b8600690-3962-404b-ad90-016b508ce2e6,coyotes.cheap,available,28.2,28.2,medium,low,7,cloudflare,,,30/09/2026 07:28
f071d589-dfa9-40c2-b416-f983ab80cab9,westport.cheap,available,5.38,29.18,medium,low,8,spaceship,,,28/09/2026 08:11
c3eba34c-49f5-4d01-bd6a-4a1f8e019383,pochard.cheap,available,5.98,49.98,medium,low,7,namecheap,,,21/09/2026 10:48
9279f611-8250-40de-bcb2-154880484c48,allspice.cheap,available,8.99,36.49,high,low,8,namesilo,,,18/09/2026 12:10
de003795-4006-4d26-8d13-7374c180645b,rayless.cheap,available,5.98,49.98,medium,low,7,namecheap,,,09/09/2026 10:46
a58ec188-494a-4db7-b2e8-0354d19e7b3e,loyola.cheap,available,8.99,36.49,high,low,6,namesilo,,,25/09/2026 07:44
f249ef26-b6d2-4f82-928a-c5f88ce3e1a0,authorship.cheap,available,8.99,36.49,high,low,10,namesilo,,,21/09/2026 05:26
ccba2877-35ed-4deb-83e0-299f2379b7d8,exec.cheap,available,28.2,28.2,high,low,4,cloudflare,,,29/09/2026 18:26
529fc899-2566-4862-bafa-9117fc509621,slc.cheap,available,8.5,,high,low,3,unstoppable,,,30/09/2026 20:32
99667cf8-0744-4734-b4f1-1a0a560bd1eb,referred.cheap,available,8.99,36.49,medium,low,8,namesilo,,,17/09/2026 06:11
f9c2a578-1047-4f03-b0bd-c0c8224cd2ba,seemly.cheap,available,5.98,49.98,medium,low,6,namecheap,,,09/08/2026 06:27
24d86087-ed37-4e7a-b309-44b12a46d72a,challenged.cheap,available,5.38,29.18,medium,low,10,spaceship,,,28/09/2026 11:21
be706392-6ea1-4570-a09c-944bb261a36a,turnout.cheap,available,8.99,36.49,high,low,8,namesilo,,,29/09/2026 07:04
bb4753b7-828f-402e-83e1-a192ac4553ed,cxlv.cheap,available,5.98,49.98,high,low,4,namecheap,,,
3d0d9b62-1c27-44f0-9c09-2fc867607cb8,astronomical.cheap,available,8.99,36.49,high,low,12,namesilo,,,29/09/2026 14:28
630ae384-f172-4c0d-8b59-ba1dad18e9c3,acerbity.cheap,available,8.99,36.49,medium,low,8,namesilo,,,16/09/2026 23:41
2f1e926f-bf75-4735-a30f-7088c28a9e3a,allowance.cheap,available,5.38,29.18,high,low,9,spaceship,,,28/09/2026 20:37
4a48ad50-858c-4a6c-9c91-582fdc12acba,sparing.cheap,available,5.98,49.98,high,low,7,namecheap,,,18/08/2026 16:58
85e4dada-b6da-4d0a-bffa-41a4fddbd53d,lewd.cheap,available,5.98,49.98,high,low,4,namecheap,,,22/08/2026 20:07
0c8d74c4-526a-4236-af94-7b3bdc267b56,awhile.cheap,available,8.99,36.49,medium,low,6,namesilo,,,28/09/2026 13:12
26d1ac76-6b3d-4868-9308-9700acb40110,fiesta.cheap,available,8.5,,high,low,6,unstoppable,,,01/10/2026 02:03
8514e4d9-5260-4071-b303-b132b2a74abe,cbo.cheap,available,5.38,29.18,high,low,3,spaceship,,,30/09/2026 04:30
2dddaca2-7ba0-43b9-af8d-0f07caf33e82,reverie.cheap,available,5.98,49.98,high,low,7,namecheap,,,17/09/2026 21:59
eba28b7a-1a95-4adc-82dd-3cd87a732564,combustion.cheap,available,5.98,49.98,high,low,10,namecheap,,,11/08/2026 10:57
9eab8b3e-3bf3-46de-9dc5-9299089ca503,offhand.cheap,available,5.98,49.98,medium,low,7,namecheap,,,
f5e559b1-c29e-4b4f-9121-9be8dd9385de,crisply.cheap,available,5.98,49.98,medium,low,7,namecheap,,,14/09/2026 09:37
4b7cc58c-f6c1-4c63-90b1-b761c3f70f8e,grease.cheap,available,28.2,28.2,high,low,6,cloudflare,,,28/09/2026 14:21
d13771ba-a9f8-4f8e-af24-d6f6bd2f882e,langley.cheap,available,5.38,29.18,high,low,7,spaceship,,,28/09/2026 14:40
0e37bf4c-a6ac-40fd-9f0e-6b40ac163e3b,bruce.cheap,available,8.99,36.49,high,low,5,namesilo,,,29/09/2026 04:43
4736b380-0c91-40a0-9c12-87cbf466e245,deck.cheap,available,8.5,,high,low,4,unstoppable,,,29/09/2026 13:27
27f911e7-18a3-4aaf-9e2e-75ae4e13e17f,passages.cheap,available,5.66,29.35,medium,low,8,porkbun,,,29/09/2026 16:50
a3ecc8cf-9967-441f-a4e2-bec1ecf0dd5b,replete.cheap,available,5.98,49.98,high,low,7,namecheap,,,09/09/2026 14:32
f7709519-3b04-4bbb-aed2-2eaa3d158ee3,smilax.cheap,available,5.98,49.98,medium,low,6,namecheap,,,20/09/2026 14:41
d9548c63-a74c-46ed-b598-542bb415b0d2,scandal.cheap,available,5.66,29.35,high,low,7,porkbun,,,30/09/2026 03:45
577a0613-b490-417c-98db-6012c87783c9,discoid.cheap,available,5.98,49.98,medium,low,7,namecheap,,,14/08/2026 09:38
6ae9c655-953a-4f21-acb6-6857ac59f891,arvn.cheap,available,5.57,30.18,medium,low,4,dynadot,,,30/09/2026 04:50
3ad2af3c-3aff-4b24-a1ef-be4456fd97f4,barreled.cheap,available,5.98,49.98,medium,low,8,namecheap,,,08/08/2026 20:46
f3b2329e-f843-4e20-8d5c-d54d322817fb,asylum.cheap,available,5.98,49.98,high,low,6,namecheap,,,20/09/2026 18:37
d16f514e-0299-4eeb-b55f-ef6749961baa,sabha.cheap,available,5.57,30.18,medium,low,5,dynadot,,,29/09/2026 21:35
c0f4365e-0042-4499-b41d-fb3cd58e54c7,couples.cheap,available,5.98,49.98,medium,low,7,namecheap,,,
b09177b6-d3a1-44d4-b7d4-d2d2a1844e2c,progressed.cheap,available,8.99,36.49,medium,low,10,namesilo,,,30/09/2026 14:54
7ad4fdde-e98e-4bfb-a150-e1d255875324,metalloid.cheap,available,5.98,49.98,medium,low,9,namecheap,,,24/08/2026 21:37
e965aad5-db8d-47fc-b461-20614251444f,consumed.cheap,available,8.99,36.49,high,low,8,namesilo,,,28/09/2026 22:51
d7b5ef69-3509-46a4-8818-117c7ee7abd7,motorist.cheap,available,8.99,36.49,high,low,8,namesilo,,,21/09/2026 07:26
357bf576-aee0-4f87-aaad-d3326560d3ef,gleefully.cheap,available,5.98,49.98,medium,low,9,namecheap,,,14/09/2026 21:28
397330c4-349d-4146-bd0e-ab8c598ad946,lukas.cheap,available,8.99,36.49,high,low,5,namesilo,,,30/09/2026 04:46
80a181ec-4955-4084-b6a8-c13a617731fc,microbial.cheap,available,5.98,49.98,medium,low,9,namecheap,,,08/09/2026 09:41
0bc2c03f-aa11-4dd4-8407-64a945c4422e,ultimatum.cheap,available,5.38,29.18,high,low,9,spaceship,,,30/09/2026 11:14
39a2038f-464f-4917-a602-b69412055d7b,felicia.cheap,available,5.38,29.18,high,low,7,spaceship,,,29/09/2026 18:52
687c45ec-a590-4a9f-9d3a-6c431e8191c0,flagfish.cheap,available,5.98,49.98,medium,low,8,namecheap,,,18/09/2026 19:58
c564f5aa-0e13-41fd-812e-4998e9e0c106,harmless.cheap,available,5.98,49.98,high,low,8,namecheap,,,21/08/2026 01:02
ef150783-a517-4c95-a4b1-0a4433d63095,rafts.cheap,available,5.98,49.98,high,low,5,namecheap,,,14/09/2026 23:26
cd6c14bb-9173-4bc7-9acc-1b73cbf63e17,manipulative.cheap,available,8.99,36.49,medium,low,12,namesilo,,,30/09/2026 19:49
e07acad5-c191-4fc5-8bc2-c35b077fd30b,pasco.cheap,available,5.38,29.18,high,low,5,spaceship,,,30/09/2026 13:57
312b69e8-ca92-4960-a0b2-3afc244e055d,elba.cheap,available,28.2,28.2,medium,low,4,cloudflare,,,30/09/2026 13:35
4d4e46fa-1478-434e-b8db-f57f3102eb27,dialectal.cheap,available,5.98,49.98,medium,low,9,namecheap,,,14/08/2026 05:48
74c9116e-3026-46d9-9b90-85e9c0bea358,sucked.cheap,available,8.99,36.49,medium,low,6,namesilo,,,18/09/2026 04:29
c997c01f-32d4-47e4-ae1e-269222d860d3,barde.cheap,available,8.99,36.49,medium,low,5,namesilo,,,22/09/2026 05:12
cb1e7a75-9ed6-4290-b6a2-cf781a128f10,intuitions.cheap,available,5.98,49.98,medium,low,10,namecheap,,,20/09/2026 19:28
4378cecd-621a-40da-8d51-8b6edad5f857,execution.cheap,available,8.99,36.49,high,low,9,namesilo,,,29/09/2026 07:21
9e1ae0d3-f483-454f-b5e2-de0cd36c814a,quenched.cheap,available,5.98,49.98,medium,low,8,namecheap,,,09/09/2026 08:25
8b927279-9137-42bd-88f9-23ba617346fb,barnum.cheap,available,8.99,36.49,medium,low,6,namesilo,,,22/09/2026 06:55
4c51acc2-fe94-4e46-b583-577d47a0c8e1,operative.cheap,available,5.98,49.98,high,low,9,namecheap,,,04/09/2026 16:29
41e4f1e1-f80e-45fa-acab-882e4eec4327,valet.cheap,available,8.5,,high,low,5,unstoppable,,,29/09/2026 19:00
ae6127e3-59b6-45ca-8262-dfdb17657269,nonesuch.cheap,available,5.98,49.98,medium,low,8,namecheap,,,03/09/2026 20:13
78ce5f8c-a142-4308-8cab-7e624099b1af,rebuild.cheap,available,28.2,28.2,high,low,7,cloudflare,,,28/09/2026 06:58
e42b1467-97b6-41eb-878d-d6e62489aa92,sturm.cheap,available,5.38,29.18,medium,low,5,spaceship,,,30/09/2026 00:15
aca52d9e-d4af-4f76-af9d-65194b54d5e7,packer.cheap,available,5.98,49.98,high,low,6,namecheap,,,21/09/2026 15:45
2e1b9f13-cb44-4954-ab8b-b189515b5ed5,stoutness.cheap,available,5.98,49.98,medium,low,9,namecheap,,,04/09/2026 22:03
29a3c560-41f8-4780-ade8-503ad144873e,combinations.cheap,available,8.99,36.49,medium,low,12,namesilo,,,17/09/2026 17:12
e5644bf3-c902-42d0-83af-c3b1c6007672,catches.cheap,available,8.5,,medium,low,7,unstoppable,,,28/09/2026 04:27
950dac8c-d5ee-4173-91d4-c1040e4a0377,numbly.cheap,available,5.98,49.98,low,low,6,namecheap,,,15/09/2026 08:39
ca962caf-cc5b-4fe7-8404-1cae47d7eb79,evoked.cheap,available,5.98,49.98,medium,low,6,namecheap,,,16/08/2026 04:33
90020bc8-dd36-4b6f-8d6f-ab1dd2d5b5f7,intriguing.cheap,available,8.99,36.49,high,low,10,namesilo,,,25/09/2026 10:52
3c0195b0-4ce2-4e83-b6c0-4ca9de05346a,subgroup.cheap,available,8.99,36.49,medium,low,8,namesilo,,,28/09/2026 15:24
bb1ec7a1-7cf4-400c-80f9-f282bedcc488,barrow.cheap,available,8.99,36.49,medium,low,6,namesilo,,,22/09/2026 08:41
0c2490e9-3729-402b-b547-155e3723d7fb,finely.cheap,available,5.98,49.98,high,low,6,namecheap,,,14/09/2026 11:23
e44e60a4-54d5-4e73-8102-179d3581d3d4,amaretto.cheap,available,5.98,49.98,high,low,8,namecheap,,,18/09/2026 15:58
94aa1f18-98bc-46ff-a6c3-254b1ea5114b,heroine.cheap,available,8.99,36.49,high,low,7,namesilo,,,29/09/2026 07:16
10a75c59-b410-40c7-8d85-b10295c52035,occasions.cheap,available,5.57,30.18,high,low,9,dynadot,,,28/09/2026 14:59
e3b48c11-ba06-4901-a3cf-565d1d9b2f21,focussed.cheap,available,5.98,49.98,high,low,8,namecheap,,,18/08/2026 09:47
c13e7dec-4194-4257-a31e-c44c52aac045,tuneless.cheap,available,5.98,49.98,medium,low,8,namecheap,,,11/09/2026 21:05
404efd1a-f137-4214-9cb3-9bb9659a299a,subliminal.cheap,available,5.98,49.98,high,low,10,namecheap,,,11/09/2026 00:08
05acebcb-fc56-496b-b9d1-7725adfaf9ed,catenulate.cheap,available,5.98,49.98,medium,low,10,namecheap,,,11/08/2026 21:32
eda269cd-baa1-40da-9a54-dedf3f992104,morales.cheap,available,8.99,36.49,medium,low,7,namesilo,,,30/09/2026 13:35
37e9cad6-aa57-4db7-8dd2-d0786ce90ac6,yobo.cheap,available,5.98,49.98,medium,low,4,namecheap,,,11/08/2026 08:48
e8672f96-5471-40c1-9a15-ee69d6a63a96,chromatic.cheap,available,5.98,49.98,high,low,9,namecheap,,,12/08/2026 07:22
8a3cb893-474c-4dad-85cd-66cce0503616,flats.cheap,premium,,,high,low,5,,,,29/09/2026 12:22
1c0b9212-ce73-46ba-92a3-ae73a9af5ad3,avenged.cheap,available,5.98,49.98,high,low,7,namecheap,,,07/08/2026 22:35
831b867c-dcf7-4d91-beeb-0399746e30ff,beetle.cheap,available,5.98,49.98,high,low,6,namecheap,,,09/08/2026 08:17
f23a1b3f-587b-4335-a5a8-87a96a8c4b24,circled.cheap,available,5.38,29.18,high,low,7,spaceship,,,30/09/2026 16:02
f7b7b250-30f5-4483-9dae-54d868ed29d9,exit.cheap,available,5.38,29.18,high,low,4,spaceship,,,29/09/2026 12:09
b4912be5-3737-4909-a22f-69c42911456d,suppliers.cheap,available,5.38,29.18,medium,low,9,spaceship,,,01/10/2026 00:17
136171a3-48fe-49ba-a6bb-78c0b1c18969,lateen.cheap,available,5.98,49.98,medium,low,6,namecheap,,,22/08/2026 20:29
fe30f99c-735c-47d3-8cf1-42196fcfc418,dorothea.cheap,available,28.2,28.2,medium,low,8,cloudflare,,,28/09/2026 07:54
f253a354-f09b-4092-a68e-a75bd7569eb2,implants.cheap,resell,,,medium,low,8,,,,29/09/2026 17:38
286dd917-3b37-4c96-b488-9f3c85a198e6,burnished.cheap,available,5.98,49.98,medium,low,9,namecheap,,,11/08/2026 10:59
6396edc8-fd62-4fbd-a89e-e3d05cd650bf,duchess.cheap,available,8.99,36.49,high,low,7,namesilo,,,29/09/2026 16:59
eedbb76c-0282-416f-8eff-26ccbf6053d2,whippy.cheap,available,5.98,49.98,medium,low,6,namecheap,,,13/09/2026 11:26
f0a320a6-5ba4-48c0-b025-ce036a8317a5,properly.cheap,available,5.98,49.98,medium,low,8,namecheap,,,13/08/2026 21:12
7d27da59-00f9-45af-8b4f-2f24a9b25828,sweetness.cheap,available,8.99,36.49,high,low,9,namesilo,,,29/09/2026 00:59
683213f6-5e91-4dc5-a8d5-f708ff802167,ghosts.cheap,available,8.99,36.49,medium,low,6,namesilo,,,18/09/2026 22:14
bac0df22-6f1c-4326-b3f1-00df169fc778,mustard.cheap,available,5.38,29.18,high,low,7,spaceship,,,28/09/2026 06:28
1a07a7e3-34a3-4208-b4c3-76006b39235c,cranial.cheap,available,5.98,49.98,medium,low,7,namecheap,,,13/08/2026 04:49
ac741a7c-104b-4761-a604-c1d3298986cc,smashed.cheap,available,5.98,49.98,medium,low,7,namecheap,,,09/08/2026 15:50
fd48db78-32ac-43a7-a222-fe7ca9b054c8,meshing.cheap,available,5.98,49.98,high,low,7,namecheap,,,22/08/2026 08:10
f60095d0-7c29-473b-a1b4-5d0a45faa7e4,commuter.cheap,available,5.98,49.98,high,low,8,namecheap,,,24/09/2026 16:39
12871cf7-af93-4ad5-8742-5d650d83f487,oppressed.cheap,available,5.98,49.98,medium,low,9,namecheap,,,04/09/2026 16:50
f4ab0338-eb39-414d-bded-7b9c8e371a58,jutland.cheap,available,8.99,36.49,medium,low,7,namesilo,,,22/09/2026 15:18
1115a5ed-26e9-4143-9476-cac6fa4ff5d2,perturb.cheap,available,5.98,49.98,medium,low,7,namecheap,,,24/09/2026 22:49
e0e7ff05-66a9-4687-a65f-eef678210808,palladio.cheap,available,8.99,36.49,medium,low,8,namesilo,,,19/09/2026 04:26
c8f21c98-fad6-444c-abfe-2c30a212f9b6,acquire.cheap,available,8.99,36.49,high,low,7,namesilo,,,29/09/2026 06:15
4fc0f312-56d0-4dc3-bc61-8b24c62a8ba4,gotta.cheap,available,28.2,28.2,high,low,5,cloudflare,,,27/09/2026 16:53
970c029f-f0c3-4779-af88-e00d7f9bf9e1,waterborne.cheap,available,5.98,49.98,medium,low,10,namecheap,,,13/09/2026 08:36
d880b8b1-2f26-44cb-9d76-deeb231cbaf7,marta.cheap,available,8.99,36.49,high,low,5,namesilo,,,27/09/2026 17:44
916a8538-5463-4ad1-8975-9cf62c40aad8,jewelry.cheap,premium,414.2,414.2,high,low,7,spaceship,,,30/09/2026 00:51
c194230e-6f19-4668-b1e2-7d44835b1393,searching.cheap,available,8.99,36.49,high,low,9,namesilo,,,25/09/2026 09:44
9322f815-6cc1-43ca-b5d1-e646ba380994,angeles.cheap,available,8.99,36.49,high,low,7,namesilo,,,25/09/2026 16:22
e7252cae-c145-4679-ac60-b79e268a147d,sectarian.cheap,available,5.98,49.98,medium,low,9,namecheap,,,10/09/2026 01:13
2f5b7c2e-967d-4820-afca-dc1f97a999e9,debris.cheap,available,5.38,29.18,medium,low,6,spaceship,,,28/09/2026 18:54
e6eec353-ee12-4b7f-94c6-e06519a285a3,prosecutor.cheap,available,8.99,36.49,high,low,10,namesilo,,,27/09/2026 05:05
d9d6f3e5-253b-487c-b096-25d894af6b28,suburb.cheap,available,28.2,28.2,high,low,6,cloudflare,,,30/09/2026 02:59
b326a51c-9027-47b2-91cf-cc6a814e98f4,downstair.cheap,available,5.98,49.98,medium,low,9,namecheap,,,14/08/2026 17:57
c988d7da-884f-4006-a7ab-5d763a57c828,aro.cheap,available,8.99,36.49,high,low,3,namesilo,,,30/09/2026 03:42
5aaec689-2272-4d4f-8a09-0d0a84f24bb5,ayatollah.cheap,available,8.99,36.49,high,low,9,namesilo,,,21/09/2026 10:36
dd99cfb6-c529-4b9b-8d83-21583b655809,nosocomial.cheap,available,5.98,49.98,low,low,10,namecheap,,,03/09/2026 21:56
12f59672-29d7-49f0-ba39-acd1afce9d4a,burnable.cheap,available,5.98,49.98,medium,low,8,namecheap,,,11/08/2026 10:44
1ad86297-0274-4691-a973-325b168f0be3,wordy.cheap,available,5.98,49.98,medium,low,5,namecheap,,,24/08/2026 09:32
87a7725b-b0be-4876-8b4b-3a7531a2a08e,sandy.cheap,available,5.98,49.98,high,low,5,namecheap,,,06/08/2026 17:31
01c862d7-5397-4f6e-bbf2-774ed65bf9c4,enabling.cheap,available,5.98,49.98,high,low,8,namecheap,,,16/08/2026 21:07
1c5d22f8-f042-4321-9475-70a9dd74f506,chickens.cheap,available,8.99,36.49,medium,low,8,namesilo,,,27/09/2026 22:56
7a7896f9-8639-48a5-8a2b-1e573ba86bdf,sonia.cheap,available,5.57,30.18,high,low,5,dynadot,,,28/09/2026 03:44
a4ff440f-c024-4ff5-8351-06cad5753335,ragamuffin.cheap,available,5.98,49.98,medium,low,10,namecheap,,,11/09/2026 09:09
809db032-0bae-40f8-92ff-c7efb2d4fecc,shoved.cheap,available,5.57,30.18,low,low,6,dynadot,,,01/10/2026 00:52
f5e288ba-72b2-4bed-9104-5e8b7c685242,fugitive.cheap,available,5.98,49.98,high,low,8,namecheap,,,18/08/2026 07:53
d6f7abf7-e06d-42bc-be86-44eb0a434bd2,haply.cheap,available,5.98,49.98,medium,low,5,namecheap,,,14/09/2026 04:36
c1ea6cae-7f82-49ab-af28-106d29aa36a4,kemper.cheap,available,8.99,36.49,high,low,6,namesilo,,,29/09/2026 14:53
64602ffb-602d-4d8d-892c-5bd6cbbdd7a5,planes.cheap,available,8.99,36.49,high,low,6,namesilo,,,17/09/2026 03:50
51e33373-8575-4b61-9169-743f254bfebc,sluicing.cheap,available,5.98,49.98,medium,low,8,namecheap,,,10/09/2026 11:31
d3c8c54e-65ae-4d9b-ae7b-f7cc60c25187,transform.cheap,available,5.57,30.18,high,low,9,dynadot,,,28/09/2026 20:53
9e1f23a2-404d-4669-aa52-2e748baf6935,flew.cheap,available,5.66,29.35,high,low,4,porkbun,,,30/09/2026 22:39
3f68bce6-53ae-4537-970a-a2108006cd02,noun.cheap,available,5.98,49.98,high,low,4,namecheap,,,29/09/2026 19:50
302728b4-086f-43e4-a09a-14a9dc9c78ce,backbone.cheap,available,8.99,36.49,high,low,9,namesilo,,,21/09/2026 15:14
e4c3d3a8-8d1a-4fd2-b77c-6966948b3160,apiary.cheap,available,8.99,36.49,high,low,6,namesilo,,,19/09/2026 17:20
ebc9c50d-382d-4622-8ef4-4d2af7b64f7e,excellent.cheap,available,8.99,36.49,high,low,9,namesilo,,,24/09/2026 15:50
1d172382-bc4a-4257-bc39-7ab7868ce5a4,slippy.cheap,available,5.98,49.98,medium,low,6,namecheap,,,10/09/2026 11:03
27e59ea9-c056-4a78-bcad-a375d40a87e5,caught.cheap,available,9.99,,high,low,6,name.com,,,
00fc98a1-ea2c-4545-9e72-8542a7465888,lavatory.cheap,available,5.98,49.98,high,low,8,namecheap,,,09/09/2026 02:14
3619f92b-d98c-4a14-a776-18f061a32b5e,frosted.cheap,available,5.98,49.98,high,low,7,namecheap,,,18/08/2026 16:22
2ccc8ee6-ffe3-4ab7-9ddb-491e3b6530b6,modesty.cheap,available,5.98,49.98,high,low,7,namecheap,,,30/09/2026 04:51
3d671142-f49f-4ab4-8b59-524717e22d81,advisor.cheap,available,8.99,36.49,high,low,7,namesilo,,,29/09/2026 08:01
aeb34025-dcae-4fbe-81f3-9077a7e5b3b0,bangladeshi.cheap,available,8.99,36.49,high,low,11,namesilo,,,30/09/2026 03:22
18b83403-ad96-4931-9de2-925c2320f73b,kearney.cheap,available,5.38,29.18,high,low,7,spaceship,,,28/09/2026 04:09
ff5e69c4-666a-404a-be5a-7ef5ba873c52,disgraceful.cheap,available,8.5,,medium,low,11,unstoppable,,,30/09/2026 23:03
9788e3e0-1d27-41f5-a1cf-844b123249f4,airflow.cheap,available,8.99,36.49,high,low,7,namesilo,,,17/09/2026 22:13
cb5b9f59-4bcb-48db-8d77-1b675bd846c8,taxation.cheap,available,8.5,,high,low,8,unstoppable,,,30/09/2026 10:13
2143a487-0178-4d69-a442-9ccec252afbb,sixty.cheap,available,5.98,49.98,high,low,5,namecheap,,,
5da0c06e-e5ce-40cc-9fab-e3f9a2211221,obliterate.cheap,available,5.98,49.98,medium,low,10,namecheap,,,10/08/2026 15:34
8bc86d80-eaee-49c4-9d0c-8caadfb4d8f2,clump.cheap,available,5.98,49.98,high,low,5,namecheap,,,11/09/2026 15:08
b8d7485c-3771-4cc4-88ef-dd779e24fd2d,tarry.cheap,available,5.98,49.98,medium,low,5,namecheap,,,09/09/2026 15:16
2fbd8885-3b5a-40ed-82a0-a554f8a0d8a8,cruciform.cheap,available,5.98,49.98,medium,low,9,namecheap,,,13/08/2026 08:42
738da057-2f1d-405e-84b3-2181816dcd83,opponent.cheap,available,5.98,49.98,high,low,8,namecheap,,,04/09/2026 16:36
98980400-0c36-42d8-a067-5f0a10c50bea,concealed.cheap,available,5.98,49.98,high,low,9,namecheap,,,23/09/2026 18:33
f3e7e63d-3f3b-41c5-a913-38b6472ff02e,brie.cheap,available,8.99,36.49,medium,low,4,namesilo,,,29/09/2026 04:09
0c8b1d2d-b01b-4419-bccf-ca23ca47b980,lxxiv.cheap,available,5.98,49.98,medium,low,5,namecheap,,,
48d0e487-e811-4391-bd03-0216d1dcb67c,poignant.cheap,available,5.98,49.98,high,low,8,namecheap,,,
320ef6ba-8c90-4853-8c36-eee416ea8b55,ince.cheap,available,5.38,29.18,medium,low,4,spaceship,,,30/09/2026 21:44
e122bf26-2574-4512-8dc2-458740af0a1c,bey.cheap,available,8.99,36.49,medium,low,3,namesilo,,,23/09/2026 12:10
ad8b3ed7-8668-43f5-b313-f81630676c16,ceric.cheap,available,5.98,49.98,medium,low,5,namecheap,,,12/08/2026 00:39
68d48039-41ef-45fe-9577-2e1bcf574a85,expectations.cheap,available,8.5,,medium,low,12,unstoppable,,,28/09/2026 08:38
a220a1af-6e7e-4822-81a6-95a804673179,waldo.cheap,available,8.99,36.49,medium,low,5,namesilo,,,27/09/2026 20:38
8b47b912-b5cf-4b51-96b0-fec51be406d1,artillery.cheap,available,8.99,36.49,high,low,9,namesilo,,,20/09/2026 11:43
5c2744d6-2c2a-4262-b182-68d09e05cc0c,powerful.cheap,available,8.99,36.49,high,low,8,namesilo,,,23/09/2026 09:23
c3c3d7ca-7875-4260-b5b9-1eedc58f23a4,inrush.cheap,available,5.98,49.98,high,low,6,namecheap,,,22/08/2026 06:17
43fd1d87-7119-4b7b-8298-08183ea3b957,moldavia.cheap,available,8.99,36.49,medium,low,8,namesilo,,,29/09/2026 13:27
c2b69dfd-e02b-4ab8-b6a3-fdda5b706bda,bettong.cheap,available,8.99,36.49,medium,low,7,namesilo,,,23/09/2026 11:46
b842958b-2d75-40d2-ad62-5233790744f7,warrant.cheap,available,5.98,49.98,high,low,7,namecheap,,,08/09/2026 08:40
ae985abb-9f28-4217-a708-6c75c3c75fb5,festive.cheap,available,5.98,49.98,high,low,7,namecheap,,,18/08/2026 02:14
83e08418-371f-4e63-99ad-921e5672e179,jean.cheap,available,8.99,36.49,high,low,4,namesilo,,,28/09/2026 01:02
dddaf2ae-d1fc-4ff7-afe9-a2c39b4b3efb,clients.cheap,available,28.2,28.2,high,low,7,cloudflare,,,30/09/2026 15:50
cc190282-8eb9-4f5c-b8e5-59f95916ed7b,windmill.cheap,available,5.98,49.98,high,low,9,namecheap,,,17/09/2026 13:01
2e16effd-ec46-4dfc-b54d-1af934640916,besieged.cheap,available,5.98,49.98,low,low,8,namecheap,,,09/08/2026 15:25
7eb49f7d-f74e-4333-89fd-2b47f3ceb4f9,ototoxic.cheap,available,5.98,49.98,medium,low,8,namecheap,,,04/09/2026 18:36
a323aafb-43ce-4729-9f36-097934e8a6c0,arrowhead.cheap,available,5.98,49.98,high,low,9,namecheap,,,20/09/2026 09:30
5f989287-9fd9-4d87-a5d2-76306bf90f0d,algebra.cheap,available,5.98,49.98,high,low,7,namecheap,,,18/09/2026 06:54
162ec7d4-d900-4d00-9a29-e594ea3a0074,algolagnia.cheap,available,8.99,36.49,medium,low,10,namesilo,,,18/09/2026 07:07
0ac5eca0-50a4-4896-a2c9-a5bdcc7e21ea,collect.cheap,available,5.98,49.98,high,low,7,namecheap,,,12/08/2026 15:03
d5fc5be3-789f-4905-8bfb-d6048dcd182e,ian.cheap,available,8.99,36.49,high,low,3,namesilo,,,25/09/2026 13:39
b4781e58-c8aa-4f29-baaa-18928019bbb4,elective.cheap,available,5.98,49.98,high,low,8,namecheap,,,16/08/2026 02:33
0c0166cc-05cb-4d1d-81d4-959b192804b7,bleat.cheap,available,5.98,49.98,medium,low,5,namecheap,,,10/08/2026 13:37
3711a13d-b705-4704-bc03-99c69bf3b570,moisture.cheap,available,5.98,49.98,high,low,8,namecheap,,,13/09/2026 11:06
7177b1a0-94b4-49a3-95fd-8c423ad7c02b,windup.cheap,available,5.98,49.98,high,low,6,namecheap,,,13/09/2026 12:18
ba4ed3e4-a4c0-414b-8b9f-20c79c7443c6,masked.cheap,available,5.98,49.98,high,low,6,namecheap,,,12/08/2026 11:32
765bc999-9bc9-4191-b6c7-bd0806b71008,appellate.cheap,available,5.98,49.98,medium,low,9,namecheap,,,06/08/2026 06:18
6ea8b22a-8716-43de-b536-d42c30b342ab,binary.cheap,available,8.5,36.49,high,low,6,unstoppable,,,29/09/2026 20:47
5c5a0444-a9d6-4088-a185-c5148db23b6f,lonnie.cheap,available,28.2,28.2,medium,low,6,cloudflare,,,30/09/2026 13:21
1100dabc-07fa-4b3d-9c09-7f7123afc394,felicity.cheap,available,5.98,49.98,high,low,8,namecheap,,,29/09/2026 12:15
b5da1ae7-c45f-4d1a-a7f6-f8be77abf8a6,gruntle.cheap,available,5.98,49.98,medium,low,7,namecheap,,,18/08/2026 22:14
ef55cd0a-1703-48b1-9ece-d8a173db69dd,witchcraft.cheap,available,8.5,,high,low,10,unstoppable,,,28/09/2026 11:06
0fef9d63-aeb3-4a02-b6d2-2aaf163dd00e,semiotic.cheap,available,5.98,49.98,medium,low,8,namecheap,,,10/09/2026 03:13
0e3751f6-9c91-4972-bf64-0f7a4f0df5fb,manganese.cheap,available,8.99,36.49,medium,low,9,namesilo,,,20/09/2026 22:40
2c406ea2-8011-4e51-836b-8fa171d337f6,origins.cheap,available,8.99,36.49,medium,low,7,namesilo,,,16/09/2026 10:13
bcf89d8a-4527-4cf5-8741-062f5eaf5e9c,commemorate.cheap,available,5.38,29.18,high,low,11,spaceship,,,30/09/2026 03:37
b3e0c88b-849d-4a9a-8106-3ab0f0c69c27,except.cheap,available,5.98,49.98,high,low,6,namecheap,,,29/09/2026 13:57
7451eee6-7ff1-4ae4-9209-5f030d803117,yet.cheap,available,8.99,36.49,high,low,3,namesilo,,,28/09/2026 11:53
6a5b21d5-d7b9-4d71-8d70-377e4a4f6b9f,incompatible.cheap,available,9.99,,medium,low,12,name.com,,,
42da41fd-e4f4-4ef1-bd01-6782a6037f09,frontward.cheap,available,5.98,49.98,medium,low,9,namecheap,,,18/08/2026 12:50
8cf655fb-c913-4d7a-b54f-41f3bcaedfa5,disparity.cheap,available,8.5,,medium,low,9,unstoppable,,,29/09/2026 16:06
3ed5a08a-1c43-4abe-b01d-b653140bd7f8,buttoned.cheap,available,5.98,49.98,medium,low,8,namecheap,,,11/08/2026 11:58
42c09f55-0fe4-4674-a5dc-2c69d92ba5e0,oleaceous.cheap,available,5.98,49.98,medium,low,9,namecheap,,,04/09/2026 02:06
4445137c-b3df-48a1-a891-d678916c3473,lynch.cheap,available,8.5,,medium,low,5,unstoppable,,,28/09/2026 15:35
95d89a06-6075-4526-92de-c39d84e630e2,reilly.cheap,available,8.99,36.49,high,low,6,namesilo,,,27/09/2026 02:49
947fd283-0b0c-4cf6-a616-f6ae1be35b34,wishing.cheap,available,5.57,30.18,high,low,7,dynadot,,,30/09/2026 14:46
cc5eb483-6e45-4795-9efd-b5dca4bd631c,mazy.cheap,available,5.98,49.98,medium,low,4,namecheap,,,22/08/2026 17:42
fc218383-9697-4a9e-9498-50d342f8bc8c,depot.cheap,available,5.98,49.98,high,low,5,namecheap,,,11/09/2026 11:49
5f261992-6313-4d6f-93d8-63af4ed34399,recursive.cheap,available,5.98,49.98,high,medium,9,namecheap,,,09/09/2026 12:05
e5965d6b-3e76-4d66-8db3-b2e50a2ce269,illinois.cheap,premium,123.75,123.75,high,low,8,name.com,,,21/08/2026 18:40
f5f1421a-9f25-4969-a9f2-89c541f815a5,awful.cheap,available,8.99,36.49,high,low,5,namesilo,,,22/09/2026 15:06
9ff9c6ea-79f5-4147-aed3-9def85d2e5aa,enteral.cheap,available,5.98,49.98,medium,low,7,namecheap,,,17/08/2026 09:55
dc9be97e-08fa-4c3a-ae92-8c98dcafccdb,agathis.cheap,available,5.98,49.98,medium,low,7,namecheap,,,17/09/2026 16:31
6f14a29b-1337-4b9e-acba-7c7384d768d4,fagan.cheap,available,8.5,,medium,low,5,unstoppable,,,30/09/2026 05:33
b836654c-c03c-4787-ac8a-574c0823c235,osseous.cheap,available,5.98,49.98,medium,low,7,namecheap,,,04/09/2026 18:18
5677ae15-e908-4eed-8d5e-d35ea6006e86,haywire.cheap,available,5.98,49.98,medium,low,7,namecheap,,,
14bc7d18-f47d-4156-b1f6-fa4b7c9e2a30,trauma.cheap,available,8.99,36.49,high,low,6,namesilo,,,25/09/2026 07:04
99eaa672-2707-4c92-a31f-a3d48bd68252,tray.cheap,available,8.99,36.49,medium,low,4,namesilo,,,28/09/2026 11:01
bf8bd893-5cbb-4e0e-9a76-b0ae766cf81c,ava.cheap,available,9.99,,high,medium,3,name.com,,,
daddcb4e-eea6-4ef6-b36b-594aa3dbaeb7,hatch.cheap,available,8.99,36.49,high,low,5,namesilo,,,27/09/2026 03:37
2828be0e-75c5-4058-adb7-33e6250b7c87,disorganized.cheap,available,9.99,,medium,low,12,name.com,,,
1022fe9c-3319-406e-967d-a7d24c6902d9,liberal.cheap,available,5.98,49.98,high,low,7,namecheap,,,09/08/2026 20:57
3ee2d5e9-02d1-4466-b0fa-8d1d3f281e51,tot.cheap,available,5.98,49.98,high,low,3,namecheap,,,22/09/2026 00:39
2ae5d848-9c94-45d6-b35d-03b6e069dfba,marked.cheap,available,8.99,36.49,high,low,6,namesilo,,,25/09/2026 16:50
d562f459-88f6-4804-acdc-cc2eeb8e615a,netherland.cheap,available,5.38,29.18,medium,low,10,spaceship,,,30/09/2026 05:30
b1bfc0bd-dc61-405e-8de6-2d63174d99c8,mnemonic.cheap,available,5.98,49.98,high,low,8,namecheap,,,25/08/2026 02:12
5bcd695c-615e-4a3d-b127-23a4e1793ac3,patna.cheap,premium,118.8,118.8,medium,low,5,namesilo,,,30/09/2026 20:46
0af07f73-09c3-4c2c-8bf2-c4a84af598b0,diaphragm.cheap,available,8.99,36.49,high,low,9,namesilo,,,30/09/2026 09:15
5934c4f5-8d36-4ca6-aa90-f8096f65eb8f,ergotic.cheap,available,5.98,49.98,medium,low,7,namecheap,,,17/08/2026 12:13
fb67bc62-3390-46a8-a465-62b9799af9be,zonal.cheap,available,5.98,49.98,medium,low,5,namecheap,,,13/09/2026 15:29
7b5dddab-8950-4c18-89f7-4a1f483547ce,enmity.cheap,available,8.99,36.49,medium,low,6,namesilo,,,19/09/2026 12:26
a0bde86b-ed6d-4df3-8714-59ca20a7bf4d,secondhand.cheap,available,5.98,49.98,high,low,10,namecheap,,,10/09/2026 01:09
091b5912-e7a5-4227-9c9b-816e819d02dd,melody.cheap,available,8.99,36.49,high,low,6,namesilo,,,28/09/2026 02:24
085109a2-48a2-47e5-8afd-1e9db236dbce,sonic.cheap,available,5.98,49.98,high,low,5,namecheap,,,10/09/2026 14:09
f5bbece3-8c06-4266-b792-5217baae234d,kannada.cheap,available,5.98,49.98,high,low,7,namecheap,,,30/09/2026 17:46
38a1ddc7-283b-49e3-abeb-577aed56094e,designer.cheap,premium,260,260,high,low,8,namecheap,,,20/09/2026 02:12
508262cc-7c66-4d6b-bdcf-d81283411281,cordova.cheap,available,8.99,36.49,high,low,7,namesilo,,,29/09/2026 11:58
c08ff361-5683-4706-ab6e-e4a924a60cd5,wired.cheap,available,8.99,36.49,high,low,5,namesilo,,,27/09/2026 08:11
195291d3-95ff-46b5-a50c-9de31b9a2cc0,battles.cheap,available,8.5,,low,low,7,unstoppable,,,28/09/2026 08:54
aa090183-c813-4e61-a82c-2f033f60d05f,sculptural.cheap,available,5.98,49.98,medium,low,10,namecheap,,,25/08/2026 02:53
c42eab45-366f-4dc0-8d76-6bf7337cea9d,nazarene.cheap,available,5.98,49.98,high,low,8,namecheap,,,14/08/2026 23:06
0a1d8df0-b8b7-49bd-80c7-fbcf52fa30f4,chelonian.cheap,available,5.98,49.98,low,low,9,namecheap,,,12/08/2026 04:08
41936dff-6a4e-4de3-8dde-a6755f768327,superior.cheap,available,5.98,49.98,high,low,8,namecheap,,,21/08/2026 09:12
5a8e6b52-93ea-4d1a-ba73-d72cd8c9f9dd,next.cheap,premium,242,242,high,high,4,namesilo,,,
fda65c4b-c139-42c6-bd00-b6f975b99ab9,podium.cheap,available,8.99,36.49,high,low,6,namesilo,,,18/09/2026 17:13
e24d4791-f5d9-4780-9427-8b7ac76c8a68,trim.cheap,available,5.98,49.98,high,low,4,namecheap,,,12/08/2026 10:14
9f1de96a-96d1-4fc2-846f-278409eb60d7,bermudian.cheap,available,5.98,49.98,medium,low,9,namecheap,,,09/08/2026 15:15
ed70dd25-1327-4cd4-9afd-91f443545b77,clench.cheap,available,8.99,36.49,medium,low,6,namesilo,,,24/09/2026 15:33
90f920fd-faca-4db0-9f01-97538cb46238,extensile.cheap,available,5.98,49.98,medium,low,9,namecheap,,,17/08/2026 19:01
49c60819-7242-4974-81a0-c15760d027ab,risk.cheap,available,5.98,49.98,high,low,4,namecheap,,,08/09/2026 12:49
c05d78a2-81e8-4e62-81b7-3cd60d34a064,helium.cheap,available,8.99,36.49,high,low,6,namesilo,,,20/09/2026 22:31
806ad62c-66df-425a-8d29-cf38b9867d7d,reported.cheap,available,8.99,36.49,high,low,8,namesilo,,,27/09/2026 11:56
8a0947fa-c839-4fbd-b9bb-690692977c5f,nightclub.cheap,available,8.99,36.49,high,low,9,namesilo,,,29/09/2026 00:18
b9a55024-c883-4781-ad34-bbbd9bbe4949,unmelted.cheap,available,5.98,49.98,low,low,8,namecheap,,,12/09/2026 15:35
7ab0f896-9a21-440a-b368-e6f13af83435,glucose.cheap,available,8.5,,high,low,7,unstoppable,,,29/09/2026 01:05
9f50f590-e586-438e-9132-fcc3e7e6c4c1,trey.cheap,available,5.98,49.98,high,low,4,namecheap,,,
350f5ff4-b444-485f-96dd-65d0aa76154d,sooty.cheap,available,5.98,49.98,medium,low,5,namecheap,,,12/08/2026 13:47
5f61e5c0-dd50-4aea-ad98-edd436a69c78,aqaba.cheap,available,8.99,36.49,medium,low,5,namesilo,,,17/09/2026 23:49
8b4895c5-51f4-4bb8-b82b-5dcec41947a6,funeral.cheap,available,8.99,36.49,high,low,7,namesilo,,,25/09/2026 22:54
232587a2-0996-4739-9e54-ef4aa4935175,pleasantly.cheap,available,5.98,49.98,high,low,10,namecheap,,,13/09/2026 18:20
0fa643aa-25a6-4e77-b3a4-be663b018f4c,fickle.cheap,available,5.98,49.98,medium,low,6,namecheap,,,17/08/2026 12:48
f83e04b7-a000-417b-94aa-80c56fcf7a62,percent.cheap,available,5.98,49.98,high,low,7,namecheap,,,25/09/2026 23:58
9b5ad672-9c80-4e35-b9e8-c4280c9ada4f,gma.cheap,available,8.5,,high,low,3,unstoppable,,,29/09/2026 21:30
1b777b31-cf3a-42a9-a218-614088071a75,instrumental.cheap,available,8.99,36.49,high,low,12,namesilo,,,29/09/2026 08:27
bbc81f4a-b4c2-4b62-a06d-80c6ddf92866,initiator.cheap,available,28.2,28.2,high,low,9,cloudflare,,,29/09/2026 13:07
8df713c3-e708-48d1-b574-779c8917005b,bankruptcy.cheap,available,8.99,36.49,high,low,10,namesilo,,,22/09/2026 02:50
5f91d799-3ecf-4a1c-8e2f-d7b7ef07e9bf,blabby.cheap,available,5.98,49.98,low,low,6,namecheap,,,09/08/2026 21:03
ec9794d8-2a2e-4322-a588-1c3c0d20fdb3,patriot.cheap,available,5.98,49.98,high,low,7,namecheap,,,03/09/2026 13:42
23f14b01-be7e-44ea-b671-751509b55e97,stink.cheap,available,28.2,28.2,high,low,5,cloudflare,,,29/09/2026 19:15
9cecd783-792b-4988-ba18-7d916d960f9a,lament.cheap,available,5.98,49.98,medium,low,6,namecheap,,,22/08/2026 15:25
b911562c-656b-47cf-9e9a-761961e3acb5,roommates.cheap,available,8.99,36.49,medium,low,9,namesilo,,,21/09/2026 02:59
bf9a4364-17b9-4fc1-8218-3dd5788a2831,scorpion.cheap,available,8.5,,high,low,8,unstoppable,,,30/09/2026 02:48
d4cba4a2-cc6a-4b73-9ed3-6d9174f6f92f,digging.cheap,available,5.57,30.18,high,low,7,dynadot,,,27/09/2026 13:02
5093cda9-aa81-4aa2-8631-f2e6ff6072b6,understandable.cheap,available,9.99,,high,low,14,name.com,,,
626999c8-9db5-4bb8-a71a-727d053ef5ba,ascendant.cheap,available,5.98,49.98,high,low,9,namecheap,,,
c93debf0-8c16-4db3-99ea-80e46995fc78,jingly.cheap,available,5.98,49.98,medium,low,6,namecheap,,,22/08/2026 13:29
8cf1b65e-b3cb-4c6e-8cef-cd53fbfb5f42,bahia.cheap,available,28.2,28.2,medium,low,5,cloudflare,,,27/09/2026 18:32
c1a60126-a1de-4b10-a3f2-ca75b7ed25ee,rei.cheap,available,8.99,36.49,high,low,3,namesilo,,,29/09/2026 08:49
61ab91ed-26bc-429c-bfb8-a0ff012e59ad,wrap.cheap,available,8.99,36.49,high,low,4,namesilo,,,26/09/2026 00:32
b915c007-2129-41c4-aaa9-d1d747bec952,hypothetic.cheap,available,5.98,49.98,medium,low,10,namecheap,,,12/08/2026 22:01
2c674e84-5a13-4118-a217-0af653bf789e,solution.cheap,available,8.5,,high,low,8,unstoppable,,,30/09/2026 11:31
798bfd69-ecc0-4b6f-9678-9d83086cc59d,barton.cheap,available,5.57,30.18,high,low,6,dynadot,,,28/09/2026 11:33
1e84c44b-cd4c-44e2-a2fe-a74188e6d020,wound.cheap,available,5.57,30.18,high,low,5,dynadot,,,28/09/2026 11:06
44966cdb-bcee-4df7-8fc4-c054c57fbb2f,samba.cheap,available,8.99,36.49,high,low,5,namesilo,,,20/09/2026 04:00
cc7cb981-4f50-46de-a08d-8e754ffa2812,prague.cheap,premium,102.67,102.67,medium,low,6,spaceship,,,29/09/2026 00:35
4eff7339-df0b-4974-9f7d-5c57eba83c34,backfield.cheap,available,8.99,36.49,medium,low,9,namesilo,,,21/09/2026 15:27
edcef4d6-1bb3-4188-a4a7-b39d2a8093f3,mend.cheap,available,8.99,36.49,high,low,4,namesilo,,,30/09/2026 08:51
ddba8a8d-369f-46c2-89bc-23c71164490e,antibody.cheap,available,8.99,36.49,high,low,8,namesilo,,,19/09/2026 14:14
59e62955-9bc6-48c8-aa67-196a46f70221,healthy.cheap,premium,118.8,118.8,high,low,7,namesilo,,,24/09/2026 22:43
e1ce7171-f0d0-460e-b21f-8aeca57d4cbc,income.cheap,available,8.99,36.49,high,low,6,namesilo,,,29/09/2026 23:55
5bc3d123-9add-4d3f-8975-66107e68e6df,covering.cheap,available,5.38,29.18,high,low,8,spaceship,,,29/09/2026 11:54
0bdac010-b4d4-44b0-8b08-d2b424ce118c,afro.cheap,available,8.99,36.49,high,low,4,namesilo,,,17/09/2026 15:30
5ca0514c-2d4c-4de8-8236-7ea97ea8bb3c,complexly.cheap,available,5.98,49.98,medium,low,9,namecheap,,,14/09/2026 07:45
47abb7a8-74d7-40d9-a4fb-4a7f209c8c1b,alcove.cheap,available,8.99,36.49,high,low,6,namesilo,,,18/09/2026 04:11
443d6991-9c58-48a3-8381-f4f7838d3d9e,opts.cheap,available,8.99,36.49,medium,low,4,namesilo,,,18/09/2026 13:57
426cb48c-6d6e-4865-a440-66e32b1c3be6,fueled.cheap,available,5.98,49.98,medium,low,6,namecheap,,,18/08/2026 17:37
07a38d8a-6de4-40d9-b147-6709ae2e9bef,approaches.cheap,available,5.38,29.18,high,low,10,spaceship,,,28/09/2026 06:41
3d17c508-cf7f-4f98-8ae6-2d819d5e7498,saigon.cheap,available,8.99,36.49,medium,low,6,namesilo,,,28/09/2026 10:04
68c14f7e-6e70-4f05-b2da-bd2d1b356d3c,bruised.cheap,available,28.2,28.2,medium,low,7,cloudflare,,,30/09/2026 23:32
85348669-7b25-43a1-954b-5368e1d03c5c,tantalize.cheap,available,5.98,49.98,medium,low,9,namecheap,,,21/09/2026 19:52
51e422f5-92e6-4dea-9147-e7c8edfab058,thorium.cheap,available,5.98,49.98,high,low,7,namecheap,,,21/09/2026 00:04
261ff91e-2000-46be-9343-b74537b763fe,divisions.cheap,available,8.99,36.49,medium,low,9,namesilo,,,29/09/2026 04:40
33010d8a-0395-45ad-942e-95af66711ecd,commits.cheap,available,8.99,36.49,medium,low,7,namesilo,,,30/09/2026 16:09
72cb59ec-6187-4975-936c-d732f42bfd4d,variety.cheap,available,8.99,36.49,high,low,7,namesilo,,,25/09/2026 12:52
d77f6b5b-71a4-424e-b5ac-1c1fb2ce2d0a,volleyball.cheap,available,8.99,36.49,high,low,10,namesilo,,,30/09/2026 14:37
449da1ca-6d6f-4855-9c6f-618b965430c0,redundant.cheap,available,5.98,49.98,medium,low,9,namecheap,,,17/08/2026 16:08
197ad3ec-635b-4541-8251-49f46fc74298,yearly.cheap,available,8.5,,high,low,6,unstoppable,,,28/09/2026 11:15
51cf9793-f9b7-4f18-870e-5048ed36ba5a,potential.cheap,available,5.98,49.98,high,low,9,namecheap,,,27/09/2026 04:46
b1828ade-a99d-4885-9819-e39ffc58f549,illumine.cheap,available,5.98,49.98,high,low,8,namecheap,,,08/09/2026 04:54
50d70353-18cb-445a-896c-08a4c680721f,engine.cheap,available,8.99,36.49,high,low,6,namesilo,,,30/09/2026 16:04
0b68f33f-730c-4620-9b2f-3ad545517ae0,explicitly.cheap,available,5.98,49.98,medium,low,10,namecheap,,,14/09/2026 17:07
27e085a6-1e18-49d5-9a6d-aad27e3a2e63,unwashed.cheap,available,5.98,49.98,medium,low,8,namecheap,,,08/09/2026 21:02
eca33a77-1b06-46a4-a70e-89f2e8d41617,zane.cheap,available,5.66,29.35,high,low,4,porkbun,,,29/09/2026 04:01
8330a1c6-5d42-4198-949f-1ce89518f5e4,rooibos.cheap,available,8.99,36.49,medium,low,7,namesilo,,,20/09/2026 14:38
5fbbc057-2423-4526-b9e2-e92da54bd3b4,gloved.cheap,available,5.98,49.98,medium,low,6,namecheap,,,20/08/2026 14:52
064cb51f-9738-4373-a14e-d366008e2d28,rucksack.cheap,available,8.99,36.49,high,low,8,namesilo,,,21/09/2026 14:41
cf14779d-7bec-4882-8d7d-f31ccd2fa709,drycleaning.cheap,available,8.99,36.49,high,low,11,namesilo,,,21/09/2026 04:39
f15fad02-a379-4483-aa0a-8edb95f6db18,motherhood.cheap,available,5.66,29.35,high,low,10,porkbun,,,29/09/2026 19:42
55543087-66d9-4807-9a80-605dc61e55cd,hills.cheap,available,5.98,49.98,high,low,5,namecheap,,,17/09/2026 17:53
195e2267-fa59-4a33-8f24-4a22a81492da,firearms.cheap,available,28.2,28.2,medium,low,8,cloudflare,,,28/09/2026 22:59
8d143755-83f9-45be-b567-34e8ce86b070,csx.cheap,available,5.38,29.18,medium,low,3,spaceship,,,30/09/2026 05:44
8235d861-983c-48b0-9fa0-18c7cbd18b45,stradivari.cheap,available,5.98,49.98,medium,low,10,namecheap,,,19/09/2026 15:41
ce0dda92-79ce-489d-a9df-54c0a99dc197,reactors.cheap,available,8.99,36.49,medium,low,8,namesilo,,,29/09/2026 23:56
67c61b86-0895-4a91-82f8-a958544137a5,calciferol.cheap,available,9.99,46.99,medium,low,10,name.com,,,13/08/2026 15:07
38c0e381-b467-498a-bdd9-be0f8036b97c,presume.cheap,available,8.99,36.49,medium,low,7,namesilo,,,29/09/2026 00:37
f9fd2333-8ede-45e8-bd93-00b88f6118ab,miniature.cheap,available,5.98,49.98,high,low,9,namecheap,,,24/08/2026 23:48
94bff52c-db83-43a7-94ed-d126761a2c1d,imitate.cheap,available,8.99,36.49,high,low,7,namesilo,,,29/09/2026 14:14
60d973ef-8c58-43cc-a931-9993b1308dfa,courage.cheap,available,8.99,36.49,high,low,7,namesilo,,,29/09/2026 04:01
b8711b28-ea55-40a4-a541-ca2e9e077f2d,issued.cheap,available,5.38,29.18,medium,low,6,spaceship,,,28/09/2026 08:22
52ef46b4-5a71-42b4-a4ed-be9c693fb332,disraeli.cheap,available,8.99,36.49,medium,low,8,namesilo,,,23/09/2026 08:17
f92758a2-9752-44db-8c9c-d5d892bcfa51,offprint.cheap,available,5.98,49.98,medium,low,8,namecheap,,,10/09/2026 03:57
df76b57e-c969-466c-9357-122186c3ee36,spence.cheap,available,5.38,29.18,high,low,6,spaceship,,,29/09/2026 03:33
5f665853-c589-40ff-82d5-3c18e50684da,nlrb.cheap,available,28.2,28.2,medium,low,4,cloudflare,,,29/09/2026 13:32
0c760d39-f72a-4efb-bbbc-550e0784119b,faces.cheap,available,9.99,,medium,low,5,name.com,,,
4d19eadf-8993-4907-8ad2-427ca242ac0e,colorado.cheap,premium,118.8,118.8,high,low,8,namesilo,,,24/09/2026 13:30
0107741e-66e3-45f0-b61b-a0a101fd33e2,strengthen.cheap,available,28.2,28.2,high,low,10,cloudflare,,,30/09/2026 15:38
bdd022f1-6caa-4718-a5a5-8519d8148d63,shadowy.cheap,available,5.98,49.98,medium,low,7,namecheap,,,10/09/2026 05:28
918e293a-3123-4dad-8139-3004062955c1,psychiatrist.cheap,available,8.99,36.49,high,low,12,namesilo,,,27/09/2026 16:44
e532f88d-1f97-49e3-893b-61b4cd21d7b7,stew.cheap,available,28.2,28.2,medium,low,4,cloudflare,,,28/09/2026 09:50
49f0214e-6c31-43dc-84d9-a7ffd6a057b1,rambling.cheap,available,5.98,49.98,high,low,8,namecheap,,,17/08/2026 16:41
1d32142a-68e7-4bbc-82d2-0f9309fdc1dc,handbasket.cheap,available,8.99,36.49,medium,low,10,namesilo,,,22/09/2026 11:03
407ae8f5-16b2-4335-a397-02555b91ba6b,erp.cheap,available,5.38,29.18,high,medium,3,spaceship,,,28/09/2026 21:45
54c3353c-dd5e-4675-9e25-faa2b53a47b1,unmediated.cheap,available,5.98,49.98,medium,low,10,namecheap,,,12/09/2026 15:32
2b9f9058-0f6c-42da-a227-b22483140efa,unworldly.cheap,available,5.98,49.98,medium,low,9,namecheap,,,12/09/2026 20:18
74c45c64-5d13-4e7c-8c9c-a822d0b88f49,backfire.cheap,available,8.99,36.49,high,low,8,namesilo,,,21/09/2026 15:28
8bc1af47-bc87-4e78-8142-9f02042b08a7,leggy.cheap,available,5.98,49.98,medium,low,5,namecheap,,,22/08/2026 22:57
641b2a6d-428e-4f18-85b5-04701e4f54a7,merciful.cheap,available,5.98,49.98,high,low,8,namecheap,,,24/08/2026 20:34
b6c27771-76ed-48d1-92ca-fd122bd95659,mole.cheap,available,5.38,29.18,high,low,4,spaceship,,,27/09/2026 11:53
9bca3299-1a57-4686-93d6-3b3d1a144491,incertain.cheap,available,5.98,49.98,medium,low,9,namecheap,,,22/08/2026 01:10
9976710d-0441-4a40-b27a-425037536514,habit.cheap,available,8.99,36.49,high,low,5,namesilo,,,25/09/2026 05:00
05ba4d81-b284-4019-a6c1-9c902c34c731,chestnut.cheap,available,8.99,36.49,high,low,8,namesilo,,,23/09/2026 14:04
c56fabdf-7047-4edc-979b-1f8681924709,comeback.cheap,available,28.2,28.2,high,low,8,cloudflare,,,29/09/2026 18:25
28a5d3f7-b6f3-4d48-9c6b-fd8d7be82fb6,overwhelming.cheap,available,8.99,36.49,high,low,12,namesilo,,,28/09/2026 07:20
d1d7dd9a-3e0a-4622-b008-62c8f1a40994,fighter.cheap,available,5.98,49.98,medium,low,7,namecheap,,,09/08/2026 13:34
23ee16e0-c98c-41ad-b39d-7e2ef8dd58c7,illiterate.cheap,available,5.98,49.98,medium,low,10,namecheap,,,21/08/2026 20:03
e3cf3442-166b-412f-a26a-e5efb9b2b60b,quickest.cheap,available,5.98,49.98,medium,low,8,namecheap,,,14/09/2026 17:48
44470606-6750-4770-8db6-ded0394b114d,compatible.cheap,available,8.99,36.49,high,low,10,namesilo,,,23/09/2026 16:57
7f29b0e7-5b2e-40ce-a519-156ac698e846,arbiter.cheap,available,8.99,36.49,high,low,7,namesilo,,,20/09/2026 00:41
b1d46685-7a08-4ba7-9f1a-696de9f3e253,opaline.cheap,available,5.98,49.98,medium,low,7,namecheap,,,04/09/2026 15:45
982328fb-733c-420b-80c9-68ee15d1f8ed,swear.cheap,available,5.98,49.98,high,low,5,namecheap,,,24/09/2026 20:32
d1d60cc9-7f9f-44c7-884c-16ea997db694,prosser.cheap,available,8.99,36.49,high,low,7,namesilo,,,30/09/2026 12:49
0e6d05eb-7655-4a90-8018-7bbd16c0697f,hazardous.cheap,available,5.98,49.98,medium,low,9,namecheap,,,21/08/2026 01:42
cd53f83a-33ca-4d10-b005-faa67909a327,adjunction.cheap,available,5.98,49.98,medium,low,10,namecheap,,,17/09/2026 08:25
f234e73e-8fa3-46b6-9312-9c108d37c7f6,feeds.cheap,available,8.99,36.49,medium,low,5,namesilo,,,28/09/2026 17:27
9af0a2db-8169-42f3-a81e-a394cb31c5c3,offensive.cheap,available,5.98,49.98,high,low,9,namecheap,,,14/08/2026 22:05
2e2db7be-252e-4c07-82f9-cb491d461643,tapering.cheap,available,5.98,49.98,medium,low,8,namecheap,,,14/08/2026 21:50
0e327207-9784-4e76-86f0-4b2a5dd52264,widowed.cheap,available,5.38,29.18,medium,low,7,spaceship,,,28/09/2026 10:37
16c34cdc-3ca8-4574-b1f9-2b97414919c8,fain.cheap,available,5.98,49.98,medium,low,4,namecheap,,,14/08/2026 12:05
d51dc764-5fb3-44d3-9e59-082930eb0bbd,covers.cheap,available,5.98,49.98,high,low,6,namecheap,,,27/09/2026 09:49
cdcc3207-1267-4eed-9790-e76e9713586e,subaltern.cheap,available,5.98,49.98,medium,low,9,namecheap,,,22/08/2026 14:29
66f94919-e93a-4dc4-bbed-ad6b43eafd1a,merited.cheap,available,5.98,49.98,medium,low,7,namecheap,,,14/08/2026 03:22
6275f1bb-3f56-42f8-b01a-b490e5d0b25e,markovian.cheap,available,5.98,49.98,medium,low,9,namecheap,,,24/08/2026 16:06
5c1e9247-13c7-4c43-bfe1-993201ce7093,mackie.cheap,available,28.2,28.2,medium,low,6,cloudflare,,,30/09/2026 05:44
bc779774-92bc-477c-a962-f5dbea15627c,smack.cheap,available,5.98,49.98,medium,low,5,namecheap,,,13/09/2026 23:28
4e2609b3-3f57-431c-9306-4fa419fb1ec7,livingstone.cheap,available,8.99,36.49,high,low,11,namesilo,,,28/09/2026 04:32
1078efe5-b626-41dc-8e89-1ee420b6eacf,retrieval.cheap,available,5.98,49.98,high,low,9,namecheap,,,30/09/2026 02:43
e8fa28fa-5da8-4fcb-b671-07143806b74f,turquoise.cheap,available,8.99,36.49,high,low,9,namesilo,,,19/09/2026 22:52
f078b1de-9c94-4420-bf73-c662d0830ed2,pusher.cheap,available,8.99,36.49,high,low,6,namesilo,,,21/09/2026 13:22
9a329f2b-01e0-4a0d-90fb-e2ae849f418a,declined.cheap,available,5.38,29.18,low,low,8,spaceship,,,28/09/2026 22:47
cbbfa996-ec61-49db-a7b6-df341d594fd1,abeyance.cheap,available,8.99,36.49,medium,low,8,namesilo,,,16/09/2026 15:20
115af59b-5677-4ddc-934d-3c7b350e69a9,composing.cheap,available,8.99,36.49,high,low,9,namesilo,,,24/09/2026 16:54
ffd10d8c-43eb-41cd-83c1-8ae91f1f82df,remind.cheap,available,5.98,49.98,high,low,6,namecheap,,,24/09/2026 20:14
c3e7efc6-2a26-413c-b87d-a5779b8f5489,argyll.cheap,available,8.99,36.49,medium,low,6,namesilo,,,20/09/2026 04:56
ae3b3847-14a1-4a2c-901a-470d70dd8878,biographic.cheap,available,5.98,49.98,high,low,10,namecheap,,,10/08/2026 01:58
512a0658-aaa4-4a9c-9e5b-5a772f85b09e,ransacked.cheap,available,5.98,49.98,medium,low,9,namecheap,,,24/08/2026 09:49
99524086-6198-46e1-8779-dd8ee65d0265,doughy.cheap,available,5.98,49.98,medium,low,6,namecheap,,,14/08/2026 17:03
8ceed5a0-8167-4725-a565-e4829246ec0c,morally.cheap,available,5.98,49.98,medium,low,7,namecheap,,,15/09/2026 15:25
96223fa0-61ac-4db5-b6b9-2a2b83493bb2,whorled.cheap,available,5.98,49.98,medium,low,7,namecheap,,,12/08/2026 16:18
1b61ca1e-4781-4233-9277-6bfce409d611,guides.cheap,available,8.99,36.49,high,low,6,namesilo,,,29/09/2026 16:42
75c050b3-4562-45f7-84ce-6faa3d8a7b25,vat.cheap,available,8.99,36.49,high,low,3,namesilo,,,17/09/2026 05:53
bee85d24-5f08-40e2-99fd-d01f6b3961c9,anomalous.cheap,available,5.98,49.98,high,low,9,namecheap,,,
ad1cef30-6b7c-41f7-abc5-06be3cbad036,peasant.cheap,available,5.98,49.98,high,low,7,namecheap,,,11/08/2026 07:35
9c7e6d26-fe33-4602-b195-c28356f0ba0b,comes.cheap,available,8.99,36.49,high,low,5,namesilo,,,17/09/2026 22:46
922ba1ac-9fc4-465c-80ab-ab1dabe1cd81,sore.cheap,available,5.98,49.98,high,low,4,namecheap,,,
b5f59abc-6a59-422d-98a1-d24acd00df0d,louis.cheap,available,8.99,36.49,high,low,5,namesilo,,,25/09/2026 07:59
93466046-8e5f-468c-8e56-3f6e8b8fab70,thanking.cheap,available,8.5,,high,low,8,unstoppable,,,30/09/2026 12:18
4a15ea3f-82c2-4ca3-9507-7d3cd8916fda,adenosine.cheap,available,8.99,36.49,medium,low,9,namesilo,,,17/09/2026 07:32
01eff46f-6c71-419f-b925-9fc93dd62446,crucial.cheap,available,8.99,36.49,high,low,7,namesilo,,,22/09/2026 00:39
70f1c30a-f44b-40ce-ab84-cbabd84a4b5c,listing.cheap,available,8.99,36.49,high,low,7,namesilo,,,29/09/2026 01:23
f8afb21a-e85e-4cfe-acfb-68691394f5ed,betise.cheap,available,8.99,36.49,medium,low,6,namesilo,,,23/09/2026 11:18
27523878-bb6a-47be-9f7e-a4bdef359362,upstairs.cheap,available,5.57,30.18,high,low,8,dynadot,,,28/09/2026 09:59
7585fc69-93ab-4a34-bbfd-a50be4f9a640,tamanoir.cheap,available,8.99,36.49,medium,low,8,namesilo,,,19/09/2026 12:16
5b16d67c-80a0-4d8c-85fd-985a7d0742da,battledore.cheap,available,8.99,36.49,medium,low,10,namesilo,,,21/09/2026 17:16
f24e8396-6c1b-467a-b2e9-edc7e0ba8a42,red.cheap,resell,,,high,medium,3,Dynadot Inc,27/06/2026 17:00,27/06/2027 17:00,26/09/2026 08:32
af4c60c4-0282-45e0-a735-f6bc102dca0e,trickily.cheap,available,5.98,49.98,low,low,8,namecheap,,,14/09/2026 09:11
5fb6c1e1-1600-4dab-afad-7643ed971852,swan.cheap,available,5.98,49.98,high,low,4,namecheap,,,10/09/2026 22:05
1a286727-3329-4e8f-acbb-0a01ec39b997,melodic.cheap,available,5.98,49.98,high,low,7,namecheap,,,24/08/2026 19:41
2bbacac5-9169-4267-92ba-3dde8d539e45,genesee.cheap,available,8.99,36.49,medium,low,7,namesilo,,,28/09/2026 08:10
ca28ca07-3b50-467a-8091-9337f1eb518b,welcoming.cheap,available,5.98,49.98,high,low,9,namecheap,,,13/09/2026 10:14
7bdfaea3-c9e6-4671-b650-b3db0c8a91b8,swimmingly.cheap,available,5.98,49.98,medium,low,10,namecheap,,,16/09/2026 02:58
29a26e5d-f57a-4b6b-901e-f7da61f99e2b,squashy.cheap,available,5.98,49.98,medium,low,7,namecheap,,,10/08/2026 17:16
f66e41e2-ea48-4fd5-bf83-c6bd74d6dbe9,kidding.cheap,available,28.2,28.2,high,low,7,cloudflare,,,29/09/2026 03:02
00593c40-3f8b-418a-a0be-99544761ffd4,tucson.cheap,available,5.98,49.98,medium,low,6,namecheap,,,29/09/2026 02:22
bfa9e3cc-bd63-4028-bf47-64b1dae56170,corn.cheap,available,5.38,29.18,high,low,4,spaceship,,,29/09/2026 09:54
f61f29f3-967c-4563-bccf-36431b76c6ab,felix.cheap,available,5.98,49.98,high,medium,5,namecheap,,,27/09/2026 19:26
e6ed73e7-c6d6-42d2-9b4b-e295b615b41f,parallel.cheap,available,5.98,49.98,high,low,8,namecheap,,,
ddf6a9a6-3eba-4f15-9a56-d38980b89d70,wholesale.cheap,premium,109.53,218.86,high,low,9,porkbun,,,28/09/2026 09:01
bad332da-261c-4f13-9b88-99998891c744,engineering.cheap,premium,220,220,high,low,11,dynadot,,,30/09/2026 01:32
3bc230c6-a71a-405e-97bd-61be0bbf052d,ayr.cheap,available,8.99,36.49,high,low,3,namesilo,,,21/09/2026 10:41
bfde15ea-48a1-4c15-9225-d08b0418a5ee,trot.cheap,available,28.2,28.2,high,low,4,cloudflare,,,01/10/2026 02:54
cbd4382e-ce69-4e3e-b73f-174ec13cfa55,calando.cheap,available,5.98,49.98,medium,low,7,namecheap,,,11/08/2026 13:34
11f4a270-809f-47cd-ac5d-bc18882371a2,mercurial.cheap,available,5.98,49.98,high,low,9,namecheap,,,17/08/2026 12:50
5c3a0ff7-11c8-4eb9-a84d-77f42f15cdf0,undeniable.cheap,available,5.98,49.98,high,low,10,namecheap,,,12/09/2026 07:15
1e697944-f112-49c0-8134-b2163b6876a3,situated.cheap,available,8.99,36.49,medium,low,8,namesilo,,,25/09/2026 14:16
601a675f-ce8a-4db1-9139-0cbfb2b471a1,wolfsbane.cheap,available,8.99,36.49,medium,low,9,namesilo,,,17/09/2026 02:06
02437db6-3ed0-4533-9e6d-ac2b551ec1c4,nimble.cheap,available,8.99,36.49,high,low,6,namesilo,,,21/09/2026 23:05
ad175d85-c72c-4b45-99a8-4231bc7f3583,tess.cheap,available,8.5,,medium,low,4,unstoppable,,,28/09/2026 21:56
8134abf3-7eae-4014-80cf-ec163702c120,tramontane.cheap,available,5.98,49.98,medium,low,10,namecheap,,,11/09/2026 18:48
afe6cd7c-75a7-49ae-9305-fa3e34238fa9,calculators.cheap,available,9.99,46.99,medium,low,11,name.com,,,18/09/2026 18:59
7eeff5a2-d09b-4a27-902d-219c1733b217,masted.cheap,available,5.98,49.98,medium,low,6,namecheap,,,24/08/2026 16:45
f067ea57-2295-4bea-b173-e75b534d3fa0,parametric.cheap,available,5.98,49.98,high,low,10,namecheap,,,08/09/2026 01:01
9b9177e6-56ad-4fbc-93c9-e9499c2939c7,animism.cheap,available,8.99,36.49,medium,low,7,namesilo,,,19/09/2026 09:19
c6f8892f-9b8c-4de4-8a96-a5322edf3472,connect.cheap,available,5.98,49.98,high,medium,7,namecheap,,,28/09/2026 07:46
b1068941-319e-44fd-b106-9e3b39ceefde,yearning.cheap,available,28.2,28.2,high,low,8,cloudflare,,,30/09/2026 17:56
b5611915-6406-4e41-a274-af3e3a0d00bc,statute.cheap,available,5.98,49.98,high,low,7,namecheap,,,10/09/2026 19:18
e6910fe7-9121-4719-932e-9b01f7dbf98b,espionage.cheap,available,8.99,36.49,high,low,9,namesilo,,,29/09/2026 06:49
b76a2440-3161-43d7-b4e2-5db4c67d1511,matched.cheap,available,8.99,36.49,high,low,7,namesilo,,,25/09/2026 17:44
22252f1d-e779-446c-ae75-55d5012242b3,handless.cheap,available,5.98,49.98,medium,low,8,namecheap,,,11/08/2026 10:12
883c0f16-a375-41cc-b869-88ec87f2ce4a,disheveled.cheap,available,5.98,49.98,medium,low,10,namecheap,,,14/08/2026 10:56
c6e58f78-6857-4220-80f6-0a3a86f01c6f,bellingham.cheap,available,8.99,36.49,high,low,10,namesilo,,,23/09/2026 06:12
494c87ae-1484-4dfb-a3fa-a5f3660502f5,hag.cheap,available,8.99,36.49,high,low,3,namesilo,,,23/09/2026 04:44
b4810282-30c6-42f3-a5a4-7c55f8415f40,braun.cheap,available,8.99,36.49,high,low,5,namesilo,,,25/09/2026 02:19
cc445be4-6148-44ca-bc9d-b99a0c01969d,bulla.cheap,available,8.99,36.49,medium,low,5,namesilo,,,24/09/2026 05:20
56aa80a6-0c17-46cf-89fd-a883f19b938a,digestive.cheap,available,5.98,49.98,high,low,9,namecheap,,,24/08/2026 15:24
ce63283e-8f94-42cc-9d11-ee3d33e1f357,veronal.cheap,available,8.99,36.49,medium,low,7,namesilo,,,22/09/2026 04:56
467f5450-509c-4a6e-8654-f46c803e93b8,unfirm.cheap,available,5.98,49.98,low,low,6,namecheap,,,12/09/2026 10:19
2c3852c0-cbb8-4f08-8d8d-1f87ff879d26,maternal.cheap,available,5.98,49.98,high,low,8,namecheap,,,25/09/2026 18:01
2ca3fd3c-f5e8-4a72-937d-bd8837a7ca11,thelma.cheap,available,5.38,29.18,medium,low,6,spaceship,,,28/09/2026 21:54
6af95e1e-b5f3-4c18-80dd-ff2fd779c55d,amidst.cheap,available,5.38,29.18,medium,low,6,spaceship,,,30/09/2026 11:35
0f15deaf-c008-416a-b852-4e867cf99df1,riverdale.cheap,available,5.57,30.18,high,low,9,dynadot,,,30/09/2026 05:42
b2a1a4fe-ffbd-4548-9699-fcccf3528d80,attitudes.cheap,available,8.99,36.49,medium,low,9,namesilo,,,29/09/2026 23:34
072aac65-f27d-4473-9979-1618b0ef2e4e,whore.cheap,resell,,,high,low,5,"GoDaddy.com, LLC",04/01/2025 12:09,04/01/2027 12:09,26/09/2026 10:09
10dbee69-84c2-4ec4-a2dc-a5c1f68adea3,axiomatic.cheap,available,5.98,49.98,medium,low,9,namecheap,,,05/08/2026 23:27
eac6ee6c-7eb5-4b71-b034-da1695afb600,registers.cheap,available,5.38,29.18,medium,low,9,spaceship,,,01/10/2026 00:08
dee29c89-af70-43ed-91a8-b4b611681f65,plugged.cheap,available,5.98,49.98,high,low,7,namecheap,,,08/09/2026 21:30
ce191842-b11e-4510-b996-483ad798ced9,waverley.cheap,available,5.38,29.18,medium,low,8,spaceship,,,29/09/2026 09:35
ade183c1-8adb-4a34-8ced-76d2b8340689,rooms.cheap,premium,207.2,207.2,high,low,5,spaceship,,,30/09/2026 10:23
7244b7a2-a468-4dae-a7ca-5e1a4f0802b1,beecher.cheap,available,8.99,36.49,medium,low,7,namesilo,,,23/09/2026 00:12